cnpj;empresa;marca;grupo_economico;porte_atual
01543730000100;SOUZA CORTES ELETRO ELETRONICO LTDA ME;Souza Cortes Eletro Eletronico;OUTROS;Pequeno Porte
22382288000149;PAULO SERGIO DA SILVA LINDER;Paulo Sergio Da Silva Linder;OUTROS;Pequeno Porte
03331365000197;DOMINIO INFORMATICA LTDA;Dominio Informatica;OUTROS;Pequeno Porte
22158466000152;DONIZETE RODRIGO DE JESUS 01058152173;Donizete Rodrigo De Jesus 01058152173;OUTROS;Pequeno Porte
19671706000103;ANDERSON ALFREDO OLIARI EIRELI - ME;Anderson Alfredo Oliari;OUTROS;Pequeno Porte
12373493000194;GLOBALMT SOLUCOES DE INTERNET LTDA;Globalmt Solucoes De Internet;OUTROS;Pequeno Porte
02083126000100;ELETRONICA PANAMERICA LTDA - EPP;Eletronica Panamerica;OUTROS;Pequeno Porte
28382193000101;IDCONNECT TELECOMUNICACOES INTERNET BANDA LARGA EIRELI - ME;Idconnect Telecomunicacoes Internet Banda Larga;OUTROS;Pequeno Porte
18338635000169;WL GARCETE DA SILVA - ME;Wl Garcete Da Silva;OUTROS;Pequeno Porte
22924884000103;T C M VARELA INTERNET - ME;T C M Varela Internet;OUTROS;Pequeno Porte
15179532000105;SIDINEZ DA SILVA VERÍSSIMO - ME;Sidinez Da Silva Veríssimo;OUTROS;Pequeno Porte
08985017000157;ELENILDA GELIO BARACHO - ME;Elenilda Gelio Baracho;OUTROS;Pequeno Porte
03809794000127;NET LINK - REDE DE DADOS E INTERNET WIRELESS EIRELI - ME;Net Link - Rede De Dados E Internet Wireless;OUTROS;Pequeno Porte
15233809000130;GEILSON LIMA DE SA & CIA LTDA - ME;Geilson Lima De & Cia;OUTROS;Pequeno Porte
24787748000144;ARAGUAIA TECNOLOGIA E COMUNICACAO LTDA - EPP;Araguaia Tecnologia E Comunicacao;OUTROS;Pequeno Porte
05245502000104;MHNET TELECOMUNICAÇÕES LTDA;Mhnet Telecomunicações;OUTROS;Pequeno Porte
27343905000110;RODRIGO TORRES LOUREIRO - ME;Rodrigo Torres Loureiro;OUTROS;Pequeno Porte
13374141000116;NOVANET - PRESTADORA DE SERVIÇOS DE TELECOMUNICAÇÕES EIRELI;Novanet - Prestadora De Serviços De Telecomunicações;OUTROS;Pequeno Porte
07010673000171;VIAPLUS SERVICOS DE VALOR ADICIONADO LTDA;Viaplus Servicos De Valor Adicionado;OUTROS;Pequeno Porte
22823294000194;KBPS TELECOM EIRELI - ME;Kbps Telecom;OUTROS;Pequeno Porte
22166193000198;ALGAR (CTBC TELECOM);Algar (Ctbc Telecom);ALGAR (CTBC TELECOM);Pequeno Porte
23620414000119;MATEUS PESSOA PADILHA;Mateus Pessoa Padilha;OUTROS;Pequeno Porte
32165985000100;MEGAVIP BANDA LARGA EIRELI;Megavip Banda Larga;OUTROS;Pequeno Porte
05555435000116;N. A. ALMEIDA BEN;N. A. Almeida Ben;OUTROS;Pequeno Porte
22466587000161;ARQUEIRO SERVIÇOS DE TELECOMUNICAÇÕES LTDA;Arqueiro Serviços De Telecomunicações;OUTROS;Pequeno Porte
20335983000124;CLEBER GARCIA & CIA LTDA - ME;Cleber Garcia & Cia;OUTROS;Pequeno Porte
28097989000112;Camoa Servicos Telecom Ltda;Camoa Servicos Telecom;OUTROS;Pequeno Porte
12217677000165;NEOFLEX TELECOMUNICAÇÕES LTDA;Neoflex Telecomunicações;OUTROS;Pequeno Porte
18855548000189;NBS TELECOMUNICAÇÕES LTDA - ME;Nbs Telecomunicações;OUTROS;Pequeno Porte
26203030000199;S. SANCHEZ GOMES DA SILVA & CIA LTDA - ME;S. Sanchez Gomes Da Silva & Cia;OUTROS;Pequeno Porte
20294939000113;S. C RIBEIRO SCM;S. C Ribeiro Scm;OUTROS;Pequeno Porte
06906289000199;GILBERTO MORALES INFORMATICA EIRELI - EPP;Gilberto Morales Informatica;OUTROS;Pequeno Porte
12407190000145;E J DA CUNHA;E J Da Cunha;OUTROS;Pequeno Porte
11745279000159;Meganet Telecom Ltda;Meganet Telecom;OUTROS;Pequeno Porte
13546741000114;PRONTO SERVICOS DE TELECOMUNICACOES EIRELI;Pronto Servicos De Telecomunicacoes;OUTROS;Pequeno Porte
27164141000104;PORTAL NET SERVICOS DE COMUNICACAO MULTIMIDIA LTDA - ME;Portal Net Servicos De Comunicacao Multimidia;OUTROS;Pequeno Porte
28932269000125;FIBRANET TECNOLOGIA LTDA;Fibranet Tecnologia;OUTROS;Pequeno Porte
02934071000197;GLOBENET CABOS SUBMARINOS S.A.;Globenet Cabos Submarinos;OUTROS;Pequeno Porte
02945663000104;LINKTEL TELECOMUNICACOES DO BRASIL LTDA;Linktel Telecomunicacoes Do Brasil;OUTROS;Pequeno Porte
04366731000106;NIVELNET TECNOLOGIA E EMPREENDIMENTOS LTDA;Nivelnet Tecnologia E Empreendimentos;OUTROS;Pequeno Porte
23935457000193;REDE EXS TELECOMUNICACOES LTDA;Rede Exs Telecomunicacoes;OUTROS;Pequeno Porte
20854761000118;YAH TELECOMUNICAÇÕES LTDA;Yah Telecomunicações;OUTROS;Pequeno Porte
17115199000104;V. P. DOS SANTOS MELO - EPP;V. P. Dos Santos Melo;OUTROS;Pequeno Porte
08623051000181;OESTE PAULISTA LOCACOES ESPECIALIZADAS LTDA;Oeste Paulista Locacoes Especializadas;OUTROS;Pequeno Porte
07287181000128;OPTIMATE SISTEMAS ELETRONICOS LTDA ME;Optimate Sistemas Eletronicos;OUTROS;Pequeno Porte
02667694000140;CLARO;Claro;TELECOM AMERICAS;Grande Porte
34866022000150;SANTOS & LOPEZ TELECOMUNICACOES LTDA;Santos & Lopez Telecomunicacoes;OUTROS;Pequeno Porte
27377162000108;Meganet Banda Larga Eireli;Meganet Banda Larga;OUTROS;Pequeno Porte
13879073000147;OFFSHORE LINK SAT LTDA;Offshore Link Sat;OUTROS;Pequeno Porte
17483953000150;Felipe Faria Rosa;Felipe Faria Rosa;OUTROS;Pequeno Porte
28281180000146;MOBELLY TELECOM SOLUCOES INTELIGENTE EM REDES E INTERNET LTDA;Mobelly Telecom Solucoes Inteligente Em Redes E Internet;OUTROS;Pequeno Porte
10436597000175;LIMA & CARVALHO LTDA;Lima & Carvalho;OUTROS;Pequeno Porte
11732869000147;D.E.D SERVIÇOS DE INFORMÁTICA LTDA - ME;D.E.D Serviços De Informática;OUTROS;Pequeno Porte
10511617000125;UP INTERNET TELECOMUNICACOES LTDA.;Up Internet Telecomunicacoes;OUTROS;Pequeno Porte
26117079000129;ONITEL TELECOMUNICAÇÕES EIRELI;Onitel Telecomunicações;OUTROS;Pequeno Porte
31696758000130;MORENO SERVICOS EM TECNOLOGIA E CONECTIVIDADE LTDA;Moreno Servicos Em Tecnologia E Conectividade;OUTROS;Pequeno Porte
32724342000140;E DA SILVA MARTINS;E Da Silva Martins;OUTROS;Pequeno Porte
24296035000188;SMART TECNOLOGIAS LTDA - ME;Smart Tecnologias;OUTROS;Pequeno Porte
07481496000101;PROVEDOR INTERSOUSA LTDA ME;Provedor Intersousa;OUTROS;Pequeno Porte
17687447000183;SILVIO CARDOSO DE LIMA;Silvio Cardoso De Lima;OUTROS;Pequeno Porte
29171619000140;Implantar Telecom Sociedade Limitada;Implantar Telecom Sociedade Limitada;OUTROS;Pequeno Porte
22309632000174;MOBILLE TELECOM LTDA - ME;Mobille Telecom;OUTROS;Pequeno Porte
13617257000139;L. R. HORN - TELECOMUNICACOES;L. R. Horn - Telecomunicacoes;OUTROS;Pequeno Porte
19118097000160;MARCOS VINICIUS MATTIAZZO;Marcos Vinicius Mattiazzo;OUTROS;Pequeno Porte
21975494000108;SIDNEI ROBERTO DA ROSA;Sidnei Roberto Da Rosa;OUTROS;Pequeno Porte
18824800000192;MGCOM NETWORK LTDA - ME;Mgcom Network;OUTROS;Pequeno Porte
08399664000187;MARCIO CARDOSO FAGUNDES ME;Marcio Cardoso Fagundes;OUTROS;Pequeno Porte
08933656000179;W3 LUCAS EIRELI;W3 Lucas;OUTROS;Pequeno Porte
21405657000109;MARIANA DENISE SIPERT - ME;Mariana Denise Sipert;OUTROS;Pequeno Porte
09384464000113;PROTEK INFORMATICA LTDA - ME;Protek Informatica;OUTROS;Pequeno Porte
11189338000150;R. DE QUEIROZ & CIA LTDA - ME;R. De Queiroz & Cia;OUTROS;Pequeno Porte
27445684000191;P J A Telecomunicacoes Ltda;P J A Telecomunicacoes;OUTROS;Pequeno Porte
29422360000163;E. A. GOMES SERVICOS DE COMUNICACAO;E. A. Gomes Servicos De Comunicacao;OUTROS;Pequeno Porte
35721956000167;DEVHARD DESENVOLVIMENTO DE SISTEMAS E PROVEDOR DE INTERNET LTDA;Devhard Desenvolvimento De Sistemas E Provedor De Internet;OUTROS;Pequeno Porte
34403715000107;FOXFIBRAPRO TELECOMUNICACOES DO BRASIL LTDA;Foxfibrapro Telecomunicacoes Do Brasil;OUTROS;Pequeno Porte
97527395000117;S. D. PROVEDOR E INFORMATICA EIRELI;S. D. Provedor E Informatica;OUTROS;Pequeno Porte
16949767000100;E D DE SOUZA GOMES TECNOLOGIA - ME;E D De Souza Gomes Tecnologia;OUTROS;Pequeno Porte
35333557000129;XIS 2 INTERNET FIBRA LTDA;Xis 2 Internet Fibra;OUTROS;Pequeno Porte
21516704000191;POWERNET TELECOM EIRELI;Powernet Telecom;OUTROS;Pequeno Porte
17375017000126;TIX TELECOMUNICACOES LTDA;Tix Telecomunicacoes;OUTROS;Pequeno Porte
14436199000100;A. J. ALMEIDA - SOLUCOES E TECNOLOGIAS - ME;A. J. Almeida - Solucoes E Tecnologias;OUTROS;Pequeno Porte
24285958000134;R. ALVES BARBOSA DA CUNHA - ME;R. Alves Barbosa Da Cunha;OUTROS;Pequeno Porte
04962229000168;NET MOGI INTERNET PROVIDER LTDA;Net Mogi Internet Provider;OUTROS;Pequeno Porte
21707448000110;H. A. DO NASCIMENTO;H. A. Do Nascimento;OUTROS;Pequeno Porte
32287354000155;Sandro Alves Martins;Sandro Alves Martins;OUTROS;Pequeno Porte
30264821000104;MORAES E SILVA LTDA;Moraes E Silva;OUTROS;Pequeno Porte
15255668000157;ONIX CONSTRUCOES E COMERCIO DE PRODUTOS DE INFORMATICA E TELECOMUNICACOES LTDA - ME;Onix Construcoes E Comercio De Produtos De Informatica E Telecomunicacoes;OUTROS;Pequeno Porte
02954620000195;TBNET COMERCIO, LOCACAO E ADMINISTRACAO LTDA;Tbnet Comercio, Locacao E Administracao;OUTROS;Pequeno Porte
08199006000141;JGC NET INFORMATICA LTDA - ME;Jgc Net Informatica;OUTROS;Pequeno Porte
40420223000122;A L MIOTTO SILVA EIRELI;A L Miotto Silva;OUTROS;Pequeno Porte
06809941000157;GIGA MAIS FIBRA;Giga Mais Fibra;GIGA MAIS FIBRA;Pequeno Porte
28894892000130;DENIS FREITAS DE AQUINO;Denis Freitas De Aquino;OUTROS;Pequeno Porte
36698260000120;RONDO FIBER TELECOM;Rondo Fiber Telecom;OUTROS;Pequeno Porte
27733348000144;N8 TECNOLOGIA EIRELI - EPP;N8 Tecnologia;OUTROS;Pequeno Porte
10331374000143;REALLINK INTERNET;Reallink Internet;OUTROS;Pequeno Porte
05423963000111;OI;Oi;OI;Grande Porte
42130442000100;Sixtel Servicos de Telecomunicacoes Spe Ltda;Sixtel Servicos De Telecomunicacoes Spe;OUTROS;Pequeno Porte
03865702000126;LASER NET;Laser Net;OUTROS;Pequeno Porte
31476416000104;AGROTECNOLOGIA TELECOMUNICACAO E SEGURANCA;Agrotecnologia Telecomunicacao E Seguranca;OUTROS;Pequeno Porte
27331341000104;Technet;Technet;OUTROS;Pequeno Porte
04290584000138;RONDOTECH TELECOM;Rondotech Telecom;OUTROS;Pequeno Porte
33818348000140;Fibra6telecom;Fibra6Telecom;OUTROS;Pequeno Porte
34351996000100;GBNET TELECOM;Gbnet Telecom;OUTROS;Pequeno Porte
07533671000167;Fibercom;Fibercom;OUTROS;Pequeno Porte
07870094000107;GIGA MAIS FIBRA;Giga Mais Fibra;GIGA MAIS FIBRA;Pequeno Porte
32303470000110;H & L TELECON;H & L Telecon;OUTROS;Pequeno Porte
08841051000158;MIDIA INFORMATICA;Midia Informatica;OUTROS;Pequeno Porte
10717962000110;Ateky Internet;Ateky Internet;OUTROS;Pequeno Porte
12907631000178;QUALITY TELECOM SERVIÇOS DE COMUNICAÇAO LTDA - EPP;Quality Telecom Serviços De Comunicaçao;OUTROS;Pequeno Porte
33625456000104;Bdc Telecom;Bdc Telecom;OUTROS;Pequeno Porte
19147103000107;EDUARDO COMERCIO E SERVICOS;Eduardo Comercio E Servicos;OUTROS;Pequeno Porte
18852628000180;A.C.RAMOS TELECOMUNICAÇÕES - ME;A.C.Ramos Telecomunicações;OUTROS;Pequeno Porte
37262939000134;SPACE NET;Space Net;OUTROS;Pequeno Porte
10543936000112;VOLT TELECOM;Volt Telecom;OUTROS;Pequeno Porte
36949143000191;GERSON WELKE;Gerson Welke;OUTROS;Pequeno Porte
33105682000156;FORTE MT SEGURANCA E MONITORAMENTO EIRELI;Forte Mt Seguranca E Monitoramento;OUTROS;Pequeno Porte
11229158000154;YZO TELECOM;Yzo Telecom;OUTROS;Pequeno Porte
04622116000113;ALGAR (CTBC TELECOM);Algar (Ctbc Telecom);ALGAR (CTBC TELECOM);Pequeno Porte
36619747000170;VIVO;Vivo;TELEFONICA;Grande Porte
36105329000164;Netcaster Solutions And Results;Netcaster Solutions And Results;OUTROS;Pequeno Porte
34333839000163;TW Telecom;Tw Telecom;OUTROS;Pequeno Porte
32386480000248;TW TELECOM;Tw Telecom;OUTROS;Pequeno Porte
34322318000100;TW TELECOM;Tw Telecom;OUTROS;Pequeno Porte
26191737000122;TW TELECOM;Tw Telecom;OUTROS;Pequeno Porte
32386480000167;TW TELECOM;Tw Telecom;OUTROS;Pequeno Porte
19299145000163;LIKE NET TELECOM;Like Net Telecom;OUTROS;Pequeno Porte
39701764000140;NOVUS TELECOM;Novus Telecom;OUTROS;Pequeno Porte
01315835000101;Total Links;Total Links;OUTROS;Pequeno Porte
14289396000143;SISTEM INFORMATICA;Sistem Informatica;OUTROS;Pequeno Porte
14105689000123;Supranet;Supranet;OUTROS;Pequeno Porte
26014767000163;GR TECHNOLOGY;Gr Technology;OUTROS;Pequeno Porte
19052633000171;REDEWSP RONDONIA;Redewsp Rondonia;OUTROS;Pequeno Porte
31474317000193;Tw Telecom;Tw Telecom;OUTROS;Pequeno Porte
43122040000119;Atual Net;Atual Net;OUTROS;Pequeno Porte
36214382000101;VIA WIRELESS INTERNET;Via Wireless Internet;OUTROS;Pequeno Porte
34734299000120;SPEED NET;Speed Net;OUTROS;Pequeno Porte
29064163000110;DALLASTRA TECNOLOGIA E TELECOMUNICACOES;Dallastra Tecnologia E Telecomunicacoes;OUTROS;Pequeno Porte
12220742000101;TURBO NET;Turbo Net;OUTROS;Pequeno Porte
28942219000129;NOWA TELECOM;Nowa Telecom;OUTROS;Pequeno Porte
37928373000137;RANGE TELECOM;Range Telecom;OUTROS;Pequeno Porte
37348335000105;NEXT TELECOM;Next Telecom;OUTROS;Pequeno Porte
06207282000189;Megaon Telecom;Megaon Telecom;OUTROS;Pequeno Porte
29667178000172;TW TELECOM;Tw Telecom;OUTROS;Pequeno Porte
09367511000110;OMEGASUL;Omegasul;OUTROS;Pequeno Porte
09623451000150;Transtel Telecomunicacoes;Transtel Telecomunicacoes;OUTROS;Pequeno Porte
36981797000100;ACQUA TELECOM;Acqua Telecom;OUTROS;Pequeno Porte
19548418000166;Mix Tecnologia;Mix Tecnologia;OUTROS;Pequeno Porte
32229120000151;ALPHA TELECOM;Alpha Telecom;OUTROS;Pequeno Porte
19486261000191;XXX;Xxx;OUTROS;Pequeno Porte
33223706000171;W3 MEGA BANDEIRANTES;W3 Mega Bandeirantes;OUTROS;Pequeno Porte
38946161000145;TESSELE JR SERVICOS;Tessele Jr Servicos;OUTROS;Pequeno Porte
31890654000161;JPR INTERNET;Jpr Internet;OUTROS;Pequeno Porte
31996476000158;Nova Telecom;Nova Telecom;OUTROS;Pequeno Porte
17710143000190;W3 MEGA TELES PIRES;W3 Mega Teles Pires;OUTROS;Pequeno Porte
36059674000109;W3 Mega S.A. Pedro;W3 Mega Pedro;OUTROS;Pequeno Porte
09112027000140;BRASNET PROVEDOR DE INTERNET;Brasnet Provedor De Internet;OUTROS;Pequeno Porte
32151389000162;W3 Mega Rural Af/rr Servicos;W3 Mega Rural Af/Rr Servicos;OUTROS;Pequeno Porte
33735359000166;Olla Telecom Servicos de Telecomunicacoes;Olla Telecom Servicos De Telecomunicacoes;OUTROS;Pequeno Porte
21265062000103;W3 Mega Ludovico;W3 Mega Ludovico;OUTROS;Pequeno Porte
02041460000193;OI;Oi;OI;Grande Porte
36771563000120;W3 MEGA LUQUESE;W3 Mega Luquese;OUTROS;Pequeno Porte
33181714000100;W3 Mega Luverdense;W3 Mega Luverdense;OUTROS;Pequeno Porte
04612766000188;PRONTO NET LTDA - EPP;Pronto Net;OUTROS;Pequeno Porte
14460053000108;SULVALE TELECOM;Sulvale Telecom;OUTROS;Pequeno Porte
10258538000154;PROINFO INFORMATICA E INTERNET;Proinfo Informatica E Internet;OUTROS;Pequeno Porte
28170726000191;Camponet Internet Ltda;Camponet Internet;OUTROS;Pequeno Porte
36169839000103;GR BUENO NET FIBRA SERVICOS DE COMUNICACAO MULTIMIDIA EIRELI;Gr Bueno Net Fibra Servicos De Comunicacao Multimidia;OUTROS;Pequeno Porte
31891086000113;AFAS INTERNET;Afas Internet;OUTROS;Pequeno Porte
18363857000131;Gp4 Telecom;Gp4 Telecom;OUTROS;Pequeno Porte
20625572000173;W3 Mega Fujii;W3 Mega Fujii;OUTROS;Pequeno Porte
37786675000118;W3 MEGA CARLINDA;W3 Mega Carlinda;OUTROS;Pequeno Porte
42316137000108;Net Use Telecom;Net Use Telecom;OUTROS;Pequeno Porte
43218222000198;Rocket Internet;Rocket Internet;OUTROS;Pequeno Porte
38089864000102;Bentley Brasil Telecomunicacoes;Bentley Brasil Telecomunicacoes;OUTROS;Pequeno Porte
49056102000118;Gr Tech;Gr Tech;OUTROS;Pequeno Porte
41933751000148;Conecta Agro;Conecta Agro;OUTROS;Pequeno Porte
40101468000197;Ligeirinha Solucoes de Internet;Ligeirinha Solucoes De Internet;OUTROS;Pequeno Porte
41466499000104;W3 MEGA EMPRESA AFL;W3 Mega Empresa Afl;OUTROS;Pequeno Porte
23003381000168;Inovanet;Inovanet;OUTROS;Pequeno Porte
06346446000159;Tely;Tely;OUTROS;Pequeno Porte
47016452000125;Lira Internet;Lira Internet;OUTROS;Pequeno Porte
46510123000173;Sernet;Sernet;OUTROS;Pequeno Porte
24728116000100;Global Live;Global Live;OUTROS;Pequeno Porte
25279296000152;Gti Telecom;Gti Telecom;OUTROS;Pequeno Porte
14370959000123;INTERFACE NET;Interface Net;OUTROS;Pequeno Porte
07634828000140;TECK LINK INFORMATICA;Teck Link Informatica;OUTROS;Pequeno Porte
05783190000184;BRASIL TECPAR;Brasil TecPar;BRASIL TECPAR;Pequeno Porte
20283712000172;Globalsat Brasil;Globalsat Brasil;OUTROS;Pequeno Porte
07294117000255;LIDERNET TELECOM;Lidernet Telecom;OUTROS;Pequeno Porte
04568354000198;HISPAMAR;Hispamar;HISPAMAR;Pequeno Porte
22730245000107;LEAL TELECOM;Leal Telecom;OUTROS;Pequeno Porte
84751411000109;CASA APARECIDA;Casa Aparecida;OUTROS;Pequeno Porte
41775548000190;FLIP INTERNET;Flip Internet;OUTROS;Pequeno Porte
12816140000111;@net Telecom;@Net Telecom;OUTROS;Pequeno Porte
43110512000113;Flaveli Murarolli Ferri & Cia Ltda.;Flaveli Murarolli Ferri & Cia;OUTROS;Pequeno Porte
13484151000104;TECNOLOGIA INFORMATICA;Tecnologia Informatica;OUTROS;Pequeno Porte
11554026000106;BRASIL TECPAR;Brasil TecPar;BRASIL TECPAR;Pequeno Porte
17192192000188;JUNTO TELECOM;Junto Telecom;OUTROS;Pequeno Porte
11961069000106;DUAL TECH INFORMATICA;Dual Tech Informatica;OUTROS;Pequeno Porte
26677212000100;IMPACTO NET - PROVEDOR DE INTERNET;Impacto Net - Provedor De Internet;OUTROS;Pequeno Porte
24970830000100;Jp Connect Comercio & Servicos;Jp Connect Comercio & Servicos;OUTROS;Pequeno Porte
10803506000192;W. M. INFORMATICA;W. M. Informatica;OUTROS;Pequeno Porte
11072400000390;Cpw Internet;Cpw Internet;OUTROS;Pequeno Porte
27436619000108;Pknet Telecom;Pknet Telecom;OUTROS;Pequeno Porte
14529540000171;REDE SHOPPING TELECOM;Rede Shopping Telecom;OUTROS;Pequeno Porte
17290762000172;M B TELECOM;M B Telecom;OUTROS;Pequeno Porte
38162884000153;Ns Telecom;Ns Telecom;OUTROS;Pequeno Porte
11072400000200;Cpw Informatica;Cpw Informatica;OUTROS;Pequeno Porte
31947975000155;QUALITY TELECOMUNICACOES;Quality Telecomunicacoes;OUTROS;Pequeno Porte
22251849000170;Quality Seguranca da Informacao;Quality Seguranca Da Informacao;OUTROS;Pequeno Porte
11187072000106;MEGANET TELECOM;Meganet Telecom;OUTROS;Pequeno Porte
11767980000179;UZZY TELECOM;Uzzy Telecom;OUTROS;Pequeno Porte
34357563000153;JMB FIBRA SERVICOS DE TELECOMUNICACOES;Jmb Fibra Servicos De Telecomunicacoes;OUTROS;Pequeno Porte
05203855000133;MILLENIUM TELECOM;Millenium Telecom;OUTROS;Pequeno Porte
33299138000192;Lli Provedor Internet Ltda;Lli Provedor Internet;OUTROS;Pequeno Porte
04483690000138;GIGA MAIS FIBRA;Giga Mais Fibra;GIGA MAIS FIBRA;Pequeno Porte
28174328000143;Vale Telecom;Vale Telecom;OUTROS;Pequeno Porte
21547546000137;Green Telecom;Green Telecom;OUTROS;Pequeno Porte
07970058000107;L DA SILVA DOS SANTOS INFORMATICA;L Da Silva Dos Santos Informatica;OUTROS;Pequeno Porte
09058304000184;EXON TECHNOLOGY;Exon Technology;OUTROS;Pequeno Porte
26797664000117;Sinotech;Sinotech;OUTROS;Pequeno Porte
12896058000144;GR INTERNET;Gr Internet;OUTROS;Pequeno Porte
07672623000150;GIGANET PROVEDOR DE INTERNET;Giganet Provedor De Internet;OUTROS;Pequeno Porte
35072708000132;Bimnet;Bimnet;OUTROS;Pequeno Porte
09271376000105;D.A. SERVICOS DE TELECOMUNICACOES EIRELI;D.A. Servicos De Telecomunicacoes;OUTROS;Pequeno Porte
07939517000190;NET MAIS INFORMATICA;Net Mais Informatica;OUTROS;Pequeno Porte
28303684000110;+WEB;+Web;OUTROS;Pequeno Porte
35255255000260;UP NET PROVEDOR DE INTERNET;Up Net Provedor De Internet;OUTROS;Pequeno Porte
29479878000133;Fixtell;Fixtell;OUTROS;Pequeno Porte
41632932000134;Master Provedor de Internet;Master Provedor De Internet;OUTROS;Pequeno Porte
19125031000105;Hi Telecom;Hi Telecom;OUTROS;Pequeno Porte
19534139000143;ALARES;Alares;ALARES;Pequeno Porte
32900173000152;Lh Telecomunicacoes Ltda;Lh Telecomunicacoes;OUTROS;Pequeno Porte
08417524000194;ESTREITONET;Estreitonet;OUTROS;Pequeno Porte
19615586000127;XXX;Xxx;OUTROS;Pequeno Porte
37395336000100;MEGA TELECOM FIBRA;Mega Telecom Fibra;OUTROS;Pequeno Porte
08874218000187;IACUNET TELECOM;Iacunet Telecom;OUTROS;Pequeno Porte
07869187000103;Entech Informatica;Entech Informatica;OUTROS;Pequeno Porte
12251004000121;GTV - SERVICOS DE PROVEDOR DE INTERNET LTDA;Gtv - Servicos De Provedor De Internet;OUTROS;Pequeno Porte
22815345000136;Ora Servicos de Telecomunicacoes Ltda;Ora Servicos De Telecomunicacoes;OUTROS;Pequeno Porte
42949957000129;Teck Fibra;Teck Fibra;OUTROS;Pequeno Porte
27461432000407;Brasiltech Solucoes Integradas;Brasiltech Solucoes Integradas;OUTROS;Pequeno Porte
14112409000104;BBG TELECOM LTDA;Bbg Telecom;OUTROS;Pequeno Porte
37022786000158;Netcom Internet;Netcom Internet;OUTROS;Pequeno Porte
28711566000140;Vixel Telecom;Vixel Telecom;OUTROS;Pequeno Porte
11843387000164;A P NEUMANN;A P Neumann;OUTROS;Pequeno Porte
14054640000199;SCARMOCIN INFORMATICA E COMUNICAÇÃO LTDA;Scarmocin Informatica E Comunicação;OUTROS;Pequeno Porte
20020786000116;Rondo Comercio e Servicos Ltda;Rondo Comercio E Servicos;OUTROS;Pequeno Porte
30227868000190;KAYROS LINK SERVICOS E TELECOMUNICACOES;Kayros Link Servicos E Telecomunicacoes;OUTROS;Pequeno Porte
03868136000106;LIGGA TELECOM;Ligga Telecom;LIGGA TELECOM;Pequeno Porte
10825810000130;CONECTA TELECOM;Conecta Telecom;OUTROS;Pequeno Porte
12388471000106;COPREL TELECOM LTDA;Coprel Telecom;OUTROS;Pequeno Porte
11408142000109;MEGALINK INFORMATICA;Megalink Informatica;OUTROS;Pequeno Porte
31334427000150;FIBER HOUSE TELECOM EIRELI;Fiber House Telecom;OUTROS;Pequeno Porte
30460001000180;NET BRASIL;Net Brasil;OUTROS;Pequeno Porte
27905087000100;7ELLO INFORMATICA & TELECOMUNICACOES;7Ello Informatica & Telecomunicacoes;OUTROS;Pequeno Porte
14696847000167;TURBONET TELECOM LTDA - ME;Turbonet Telecom;OUTROS;Pequeno Porte
25298307000141;Fly Fibra;Fly Fibra;OUTROS;Pequeno Porte
09188449000108;ZECTA;Zecta;OUTROS;Pequeno Porte
35441672000117;Unitel Telecomunicacoes;Unitel Telecomunicacoes;OUTROS;Pequeno Porte
33683111000107;Serpro Sede;Serpro Sede;OUTROS;Pequeno Porte
37107291000121;NORTE TEL;Norte Tel;OUTROS;Pequeno Porte
05230079000160;BRASIL TECPAR;Brasil TecPar;BRASIL TECPAR;Pequeno Porte
24866347000180;Mixtel;Mixtel;OUTROS;Pequeno Porte
40368815000142;Rural Net;Rural Net;OUTROS;Pequeno Porte
22243242000149;FLASH SERVIÇOS EM FIBRA ÓPTICA LTDA;Flash Serviços Em Fibra Óptica;OUTROS;Pequeno Porte
28619117000177;ABSOLUTA NET;Absoluta Net;OUTROS;Pequeno Porte
13052829000180;AOLIVEIRA NETWORKS INTERNET;Aoliveira Networks Internet;OUTROS;Pequeno Porte
27532637000185;PLUS TELECOM;Plus Telecom;OUTROS;Pequeno Porte
05396044000104;BRASIL TECPAR;Brasil TecPar;BRASIL TECPAR;Pequeno Porte
14798740000120;ALT;Alt;OUTROS;Pequeno Porte
12525276000172;NORTE TEL;Norte Tel;OUTROS;Pequeno Porte
13448024000150;Turbo Net;Turbo Net;OUTROS;Pequeno Porte
09093813000148;BRASIL TECPAR;Brasil TecPar;BRASIL TECPAR;Pequeno Porte
44119657000148;Net Link;Net Link;OUTROS;Pequeno Porte
38148596000144;Sette Internet;Sette Internet;OUTROS;Pequeno Porte
40711119000197;TECKLINK;Tecklink;OUTROS;Pequeno Porte
46590924000196;Doublenet Telecom Ltda;Doublenet Telecom;OUTROS;Pequeno Porte
05291129000110;NETVIZA;Netviza;OUTROS;Pequeno Porte
10944808000180;SPEEDMAX INTERNET;Speedmax Internet;OUTROS;Pequeno Porte
12021435000100;BRASILINK;Brasilink;OUTROS;Pequeno Porte
40121544000126;T.i Sobral;T.I Sobral;OUTROS;Pequeno Porte
12747178000180;Technet;Technet;OUTROS;Pequeno Porte
08571643000105;M & M INFORMATICA;M & M Informatica;OUTROS;Pequeno Porte
12461440000125;MOTA DESENVOLVIMENTO & ASSISTENCIA TECNICA;Mota Desenvolvimento & Assistencia Tecnica;OUTROS;Pequeno Porte
01778972000174;VERO;Vero;VERO;Pequeno Porte
30777859000172;WEBLINK PROVEDOR DE INTERNET;Weblink Provedor De Internet;OUTROS;Pequeno Porte
55088050000164;Cln Telecom;Cln Telecom;OUTROS;Pequeno Porte
40206900000104;RURAL NET;Rural Net;OUTROS;Pequeno Porte
50414541000134;Agrolink Telecom;Agrolink Telecom;OUTROS;Pequeno Porte
09633672000109;Pandora Informatica e Tecnologia;Pandora Informatica E Tecnologia;OUTROS;Pequeno Porte
14813631000134;ALARES;Alares;ALARES;Pequeno Porte
56080028000130;Voe Telecom;Voe Telecom;OUTROS;Pequeno Porte
28334054000102;CAMPNET TELECOM;Campnet Telecom;OUTROS;Pequeno Porte
40354594000153;Vitoria Net Telecom;Vitoria Net Telecom;OUTROS;Pequeno Porte
45955776000101;BCB TELECOM INTERNET BANDA LARGA;Bcb Telecom Internet Banda Larga;OUTROS;Pequeno Porte
18311497000124;Amazonia Telecom;Amazonia Telecom;OUTROS;Pequeno Porte
72843212000141;Cirion Technologies do Brasil Ltda;Cirion Technologies Do Brasil;OUTROS;Pequeno Porte
09104418000113;VLA TELECOMUNICACOES LTDA;Vla Telecomunicacoes;OUTROS;Pequeno Porte
46603383000193;Rv Connect;Rv Connect;OUTROS;Pequeno Porte
34642938000127;ERBS TECNOLOGIA;Erbs Tecnologia;OUTROS;Pequeno Porte
77617363000103;TEVESOM;Tevesom;OUTROS;Pequeno Porte
31296054000170;GIGA MAIS FIBRA;Giga Mais Fibra;GIGA MAIS FIBRA;Pequeno Porte
24615131000141;VIRTUAL TELECOM;Virtual Telecom;OUTROS;Pequeno Porte
10455507000193;MEGATELECOM;Megatelecom;MEGATELECOM;Pequeno Porte
10781812000175;CENTRAL SAT;Central Sat;OUTROS;Pequeno Porte
23338019000148;DANIEL SILVINO ALVES;Daniel Silvino Alves;OUTROS;Pequeno Porte
08678016000160;Ozonio Telecomunicacoes Ltda;Ozonio Telecomunicacoes;OUTROS;Pequeno Porte
17189292000155;BMI - TELECOMUNICAÇÕES E IMPORTAÇÃO LTDA;Bmi - Telecomunicações E Importação;OUTROS;Pequeno Porte
03170027000110;MEGATELECOM;Megatelecom;MEGATELECOM;Pequeno Porte
08542734000104;MUNDO DIGITAL;Mundo Digital;OUTROS;Pequeno Porte
32249795000162;Gns Telecom Servicos de Comunicacao Multimidia Ltda;Gns Telecom Servicos De Comunicacao Multimidia;OUTROS;Pequeno Porte
34873049000170;Delta Tecnologia;Delta Tecnologia;OUTROS;Pequeno Porte
37910251000113;Click Net;Click Net;OUTROS;Pequeno Porte
24911370000220;Costa Verde Net Ltda;Costa Verde Net;OUTROS;Pequeno Porte
03708538000143;DOMITEC INFORMATICA LTDA;Domitec Informatica;OUTROS;Pequeno Porte
11535312000116;SPEED TURBO TELECOM LTDA;Speed Turbo Telecom;OUTROS;Pequeno Porte
54925616000100;Tsa Servicos;Tsa Servicos;OUTROS;Pequeno Porte
00497373000110;SKY;Sky;SKY;Pequeno Porte
18055538000169;DLCENTER;Dlcenter;OUTROS;Pequeno Porte
15745442000134;IDEAL NET-INFO;Ideal Net-Info;OUTROS;Pequeno Porte
21702263000112;Lba Solucoes e Consultoria Ltda;Lba Solucoes E Consultoria;OUTROS;Pequeno Porte
05493946000150;BRISKCOM BUSINESS TECHNOLOGY;Briskcom Business Technology;OUTROS;Pequeno Porte
74430950000192;BI - LINK TELECOM;Bi - Link Telecom;OUTROS;Pequeno Porte
20894873000100;MEGA LINK;Mega Link;OUTROS;Pequeno Porte
27523887000159;E-LEVAR TELECOM;E-Levar Telecom;OUTROS;Pequeno Porte
44215253000158;Sim 4g Conecta;Sim 4G Conecta;OUTROS;Pequeno Porte
28911530000100;NETFIBRA MS;Netfibra Ms;OUTROS;Pequeno Porte
30655511000102;Sim Telecom;Sim Telecom;OUTROS;Pequeno Porte
11502738000173;Net Valle Comunicacao Ltda;Net Valle Comunicacao;OUTROS;Pequeno Porte
45750472000108;Netfibra Br;Netfibra Br;OUTROS;Pequeno Porte
13140182000148;Inova Teleinformatica Ltda;Inova Teleinformatica;OUTROS;Pequeno Porte
08085976000116;SPEED WEB;Speed Web;OUTROS;Pequeno Porte
09268519000120;MERCADINHO N.R.;Mercadinho N.R;OUTROS;Pequeno Porte
26061041000181;GDM INFORMATICA;Gdm Informatica;OUTROS;Pequeno Porte
28194283000179;Worldnet;Worldnet;OUTROS;Pequeno Porte
33173859000151;Fly Net;Fly Net;OUTROS;Pequeno Porte
55956810000108;Fantasia Fox;Fantasia Fox;OUTROS;Pequeno Porte
11530758000158;MD TELECOM;Md Telecom;OUTROS;Pequeno Porte
20753181000134;Ibiunet;Ibiunet;OUTROS;Pequeno Porte
24954560000143;Infotec Fibra;Infotec Fibra;OUTROS;Pequeno Porte
56944898000100;Pronet;Pronet;OUTROS;Pequeno Porte
12693643000147;Solucao Network Provedor Ltda;Solucao Network Provedor;OUTROS;Pequeno Porte
54184059000106;Armada Systems Brazil Ltda;Armada Systems Brazil;OUTROS;Pequeno Porte
39906844000131;Click Net Telecom;Click Net Telecom;OUTROS;Pequeno Porte
35497945000145;Ultranet Telecom;Ultranet Telecom;OUTROS;Pequeno Porte
07532239000151;Delta Ativa;Delta Ativa;OUTROS;Pequeno Porte
29568281000165;Use Telecomunicacoes;Use Telecomunicacoes;OUTROS;Pequeno Porte
09360779000120;MUVNET;Muvnet;OUTROS;Pequeno Porte
82855164000165;CCS CAMBORIU CABLE SYSTEM DE TELECOMUNICACOES LTDA;Ccs Camboriu Cable System De Telecomunicacoes;OUTROS;Pequeno Porte
74280256000136;Sencinet Latam Brasil Ltda;Sencinet Latam Brasil;OUTROS;Pequeno Porte
50941949000164;Ultra Net Rp Telecom;Ultra Net Rp Telecom;OUTROS;Pequeno Porte
06061646000165;ADYLNET TELECOM;Adylnet Telecom;OUTROS;Pequeno Porte
07294117000174;Lidernet Telecom;Lidernet Telecom;OUTROS;Pequeno Porte
30223734000109;Nbr Turbonet;Nbr Turbonet;OUTROS;Pequeno Porte
11118117000190;Fuji Araguaia Digital;Fuji Araguaia Digital;OUTROS;Pequeno Porte
29301043000199;Nave Net;Nave Net;OUTROS;Pequeno Porte
18843645000151;TELEBRASÍLIA;Telebrasília;OUTROS;Pequeno Porte
07785661000119;Teracorp;Teracorp;OUTROS;Pequeno Porte
06267227000184;S@NNET TECNOLOGIA;S@Nnet Tecnologia;OUTROS;Pequeno Porte
20770398000152;Km Net;Km Net;OUTROS;Pequeno Porte
53799731000105;SKY;Sky;SKY;Pequeno Porte
10334879000161;3corp Servicos de Tecnologia Ltda.;3Corp Servicos De Tecnologia;OUTROS;Pequeno Porte
11509434000138;WIKI TELECOM;Wiki Telecom;OUTROS;Pequeno Porte
07479494000188;D CESARY INFORMÁTICA;D Cesary Informática;OUTROS;Pequeno Porte
23350169000177;C2M SERVICOS DE INFORMATICA E TELECOMUNICACOES LTDA;C2M Servicos De Informatica E Telecomunicacoes;OUTROS;Pequeno Porte
37703983000132;Onnexx;Onnexx;OUTROS;Pequeno Porte
07525262000119;Mega Infra;Mega Infra;OUTROS;Pequeno Porte
46713124000115;Fibrion Internet Ltda;Fibrion Internet;OUTROS;Pequeno Porte
08039298000155;INFO SHOPPING INFORMATICA;Info Shopping Informatica;OUTROS;Pequeno Porte
23447739000141;GLOBO ON NET LTDA EPP;Globo On Net;OUTROS;Pequeno Porte
29056023000108;Ine Telecom;Ine Telecom;OUTROS;Pequeno Porte
24821995000110;NETMAIS FIBRA;Netmais Fibra;OUTROS;Pequeno Porte
15137229000140;Free Way;Free Way;OUTROS;Pequeno Porte
26212742000174;Usb Informatica;Usb Informatica;OUTROS;Pequeno Porte
32179884000180;4TELECOM;4Telecom;OUTROS;Pequeno Porte
24596594000103;BESTNETTELECOM;Bestnettelecom;OUTROS;Pequeno Porte
03576095000184;ABENET;Abenet;OUTROS;Pequeno Porte
12671096000107;N DOS SANTOS & SANTOS LTDA - ME;N Dos Santos & Santos;OUTROS;Pequeno Porte
48161792000102;Videosat;Videosat;OUTROS;Pequeno Porte
05782151000162;VIDEO SAT;Video Sat;OUTROS;Pequeno Porte
20643602000174;BRASIL TECPAR;Brasil TecPar;BRASIL TECPAR;Pequeno Porte
08769659000119;VIDEOSAT;Videosat;OUTROS;Pequeno Porte
11503358000153;Infotec;Infotec;OUTROS;Pequeno Porte
18331986000148;BRASIL TECPAR;Brasil TecPar;BRASIL TECPAR;Pequeno Porte
14415661000192;ISPS DO BRASIL;Isps Do Brasil;OUTROS;Pequeno Porte
04368865000166;LIGGA TELECOM;Ligga Telecom;LIGGA TELECOM;Pequeno Porte
30070310000143;CYBERNET TELECOM;Cybernet Telecom;OUTROS;Pequeno Porte
34484188001001;Elsys Equipamentos Eletronicos Ltda;Elsys Equipamentos Eletronicos;OUTROS;Pequeno Porte
10802481000102;INFOLINK TELECOM;Infolink Telecom;OUTROS;Pequeno Porte
23184908000106;INTEL-NET;Intel-Net;OUTROS;Pequeno Porte
19856906000130;NET WAY PARECIS;Net Way Parecis;OUTROS;Pequeno Porte
10773501000164;OSIRNET;Osirnet;OUTROS;Pequeno Porte
49298470000172;Startnet Provedor;Startnet Provedor;OUTROS;Pequeno Porte
26016500000105;ULTRA TELECOM;Ultra Telecom;OUTROS;Pequeno Porte
10403034000180;Rapeedo Telecom;Rapeedo Telecom;OUTROS;Pequeno Porte
06987622000131;Jrc Servicos de Comunicacoes Ltda;Jrc Servicos De Comunicacoes;OUTROS;Pequeno Porte
12733322000129;Upnetix;Upnetix;OUTROS;Pequeno Porte
12458616000190;@ Banda Larga;@ Banda Larga;OUTROS;Pequeno Porte
12933571000168;Universosat;Universosat;OUTROS;Pequeno Porte
29978340000173;Meg@net;Meg@Net;OUTROS;Pequeno Porte
33745763000110;Lainer Telecomunicacoes;Lainer Telecomunicacoes;OUTROS;Pequeno Porte
04502458000108;Inforbarra;Inforbarra;OUTROS;Pequeno Porte
29605329000168;Aba Link Ltda;Aba Link;OUTROS;Pequeno Porte
22299932000110;N3 SOLUCOES;N3 Solucoes;OUTROS;Pequeno Porte
37473709000114;Teletec.net;Teletec.Net;OUTROS;Pequeno Porte
34866109000128;WSAT CONNECTION;Wsat Connection;OUTROS;Pequeno Porte
27058039000116;GRT CONNECT INTERNET;Grt Connect Internet;OUTROS;Pequeno Porte
13825008000139;Xingu Redes;Xingu Redes;OUTROS;Pequeno Porte
29619688000174;Novum Tecnologia;Novum Tecnologia;OUTROS;Pequeno Porte
39956104000100;Wi-fi Prati;Wi-Fi Prati;OUTROS;Pequeno Porte
59536020000124;Atos Telecom;Atos Telecom;OUTROS;Pequeno Porte
35317485000126;Zyonet Prime;Zyonet Prime;OUTROS;Pequeno Porte
59602049000167;Jipaconn Provedor de Internet Ltda;Jipaconn Provedor De Internet;OUTROS;Pequeno Porte
02926037000170;G8 NETWORKS;G8 Networks;OUTROS;Pequeno Porte
00357038000116;CENTRAIS ELETRICAS DO NORTE DO BRASIL S/A;Centrais Eletricas Do Norte Do Brasil;OUTROS;Pequeno Porte
22685177000101;ZIPPEX TELECOM;Zippex Telecom;OUTROS;Pequeno Porte
44025225000178;Obvious Servicos Digitais Ltda;Obvious Servicos Digitais;OUTROS;Pequeno Porte
12001677000123;GSATCELL;Gsatcell;OUTROS;Pequeno Porte
46260302000108;Pacto Telecom Ltda;Pacto Telecom;OUTROS;Pequeno Porte
47802807000101;Lima e Silva Telecomunicacoes Ltda;Lima E Silva Telecomunicacoes;OUTROS;Pequeno Porte
11328040000183;Infoservic;Infoservic;OUTROS;Pequeno Porte
17245809000186;Stv Telecom;Stv Telecom;OUTROS;Pequeno Porte
40894062000109;AC Telecom Provedor de Internet;Ac Telecom Provedor De Internet;OUTROS;Pequeno Porte
39360373000109;V J. Net;V J. Net;OUTROS;Pequeno Porte
21950129000130;PRG NET;Prg Net;OUTROS;Pequeno Porte
25284988000199;Rural.net;Rural.Net;OUTROS;Pequeno Porte
19877198000114;Start Telecom e Informatica;Start Telecom E Informatica;OUTROS;Pequeno Porte
18956084000105;Worksat Servicos em Telecomunicacoes Ltda;Worksat Servicos Em Telecomunicacoes;OUTROS;Pequeno Porte
18044700000143;Resplande Telecom;Resplande Telecom;OUTROS;Pequeno Porte
48111433000140;Link Norte Spc;Link Norte Spc;OUTROS;Pequeno Porte
21824703000104;VEXTEL INTERNET;Vextel Internet;OUTROS;Pequeno Porte
00912618000128;NOVACIA TELECOM;Novacia Telecom;OUTROS;Pequeno Porte
10711462000170;ATIVA NETWORKS;Ativa Networks;OUTROS;Pequeno Porte
45970999000130;Connect Telecom;Connect Telecom;OUTROS;Pequeno Porte
02072246000102;Millenium Net;Millenium Net;OUTROS;Pequeno Porte
57707538000158;D. M. Telecom;D. M. Telecom;OUTROS;Pequeno Porte
49336618000116;Startnet Provedor e Tecnologia Ltda;Startnet Provedor E Tecnologia;OUTROS;Pequeno Porte
18562102000166;GRUPO MAXIMUS INFORMATICA;Grupo Maximus Informatica;OUTROS;Pequeno Porte
12823984000190;ANDERSON FERNANDES CASTRO - ME;Anderson Fernandes Castro;OUTROS;Pequeno Porte
17933596000185;GLOBAL TELECOM;Global Telecom;OUTROS;Pequeno Porte
15266577000117;Tecnologia Ipiranga;Tecnologia Ipiranga;OUTROS;Pequeno Porte
49570307000117;Startnet Provedor;Startnet Provedor;OUTROS;Pequeno Porte
10140126000115;Cdi Net;Cdi Net;OUTROS;Pequeno Porte
48688912000124;Ilimitech Telecom;Ilimitech Telecom;OUTROS;Pequeno Porte
33910216000143;Msifibra;Msifibra;OUTROS;Pequeno Porte
04875264000140;RICANET INTERNET BANDA LARGA;Ricanet Internet Banda Larga;OUTROS;Pequeno Porte
41824351000102;I3 Telecom;I3 Telecom;OUTROS;Pequeno Porte
65134312000133;Vg Net;Vg Net;OUTROS;Pequeno Porte
07601386000136;VERDENET - INTERNET, SEGURANCA E CLIMATIZACAO;Verdenet - Internet, Seguranca E Climatizacao;OUTROS;Pequeno Porte
40116024000125;Macatubanet;Macatubanet;OUTROS;Pequeno Porte
24603061000101;W.on Telecom;W.On Telecom;OUTROS;Pequeno Porte
46361129000126;Wsp;Wsp;OUTROS;Pequeno Porte
34924717000141;Noah Telecom Ltda;Noah Telecom;OUTROS;Pequeno Porte
33764568000138;PROVEDOR DE INTERNET & SEGURANCA ELETRONICA;Provedor De Internet & Seguranca Eletronica;OUTROS;Pequeno Porte
07649257000118;GRANDE REDE TELECOM;Grande Rede Telecom;OUTROS;Pequeno Porte
05842393000102;Premier Net Fibra;Premier Net Fibra;OUTROS;Pequeno Porte
39304171000140;Web Connect Manduri;Web Connect Manduri;OUTROS;Pequeno Porte
24500652000153;LP INTERNET;Lp Internet;OUTROS;Pequeno Porte
19402859000155;CLICK IP;Click Ip;CLICK IP;Pequeno Porte
29174294000150;SOLUCAO NET;Solucao Net;OUTROS;Pequeno Porte
18128296000196;Cabo Brasil Telecom;Cabo Brasil Telecom;OUTROS;Pequeno Porte
33888260000102;MKS CONNECT;Mks Connect;OUTROS;Pequeno Porte
20542829000123;DOMINA NET;Domina Net;OUTROS;Pequeno Porte
11920413000100;HI-FI CONECT INFORMATICA;Hi-Fi Conect Informatica;OUTROS;Pequeno Porte
10803316000175;SSC TELECOM;Ssc Telecom;OUTROS;Pequeno Porte
34209657000185;Infiber Telecom;Infiber Telecom;OUTROS;Pequeno Porte
04968093000101;Refix;Refix;OUTROS;Pequeno Porte
18163285000147;SKYNET;Skynet;OUTROS;Pequeno Porte
07286991000160;PORTWEB;Portweb;OUTROS;Pequeno Porte
49394494000125;Startnet Provedor;Startnet Provedor;OUTROS;Pequeno Porte
05857540000100;RURALWEB TELECOMUNICAÇÕES LTDA;Ruralweb Telecomunicações;OUTROS;Pequeno Porte
27001440000110;Viasat Brasil Servicos de Comunicacoes Ltda;Viasat Brasil Servicos De Comunicacoes;OUTROS;Pequeno Porte
10329181000158;RW SERVICOS DE TELECOMUNICACOES L T D A;Rw Servicos De Telecomunicacoes L T D A;OUTROS;Pequeno Porte
07932018000170;Icase Solution;Icase Solution;OUTROS;Pequeno Porte
56161897000190;Netfibra Br;Netfibra Br;OUTROS;Pequeno Porte
09251220000162;CENTRAL NET;Central Net;OUTROS;Pequeno Porte
54334285000126;Lgc Telecom Ltda;Lgc Telecom;OUTROS;Pequeno Porte
13030105000135;NORTE NET;Norte Net;OUTROS;Pequeno Porte
20590283000186;Cnb Fibra;Cnb Fibra;OUTROS;Pequeno Porte
07636226000122;J. C. J. INFORMATICA;J. C. J. Informatica;OUTROS;Pequeno Porte
25136189000175;NEO PRINT INTERNET;Neo Print Internet;OUTROS;Pequeno Porte
04985607000129;Mtspeed Tecnologia;Mtspeed Tecnologia;OUTROS;Pequeno Porte
10668463000180;Novatel Telecom;Novatel Telecom;OUTROS;Pequeno Porte
40361907000109;Mundo Net;Mundo Net;OUTROS;Pequeno Porte
57178974000187;L S Conect Ltda;L S Conect;OUTROS;Pequeno Porte
23694710000164;DANIEL MUELLER LTDA;Daniel Mueller;OUTROS;Pequeno Porte
29533238000164;CONECTA TELECON;Conecta Telecon;OUTROS;Pequeno Porte
04565445000170;Iz1 Telecom;Iz1 Telecom;OUTROS;Pequeno Porte
52724095000190;Umcnet Telecom;Umcnet Telecom;OUTROS;Pequeno Porte
27429410000109;GIGA NET;Giga Net;OUTROS;Pequeno Porte
07802078000179;Cabo Brasil Telecom;Cabo Brasil Telecom;OUTROS;Pequeno Porte
10217619000106;HAASE TELECON;Haase Telecon;OUTROS;Pequeno Porte
31887126000153;Fibra Net;Fibra Net;OUTROS;Pequeno Porte
08612575000177;PCNET TELECOMUNICACOES;Pcnet Telecomunicacoes;OUTROS;Pequeno Porte
24492478000144;KORE BRASIL;Kore Brasil;OUTROS;Pequeno Porte
11861565000180;CAMILLO F G LTDA.;Camillo F G;OUTROS;Pequeno Porte
02486232000127;NORTH TECNOLOGIA;North Tecnologia;OUTROS;Pequeno Porte
54396570000171;Fibernet;Fibernet;OUTROS;Pequeno Porte
07538182000106;ZOOM NET;Zoom Net;OUTROS;Pequeno Porte
09196467000123;INTERNET ALLMICRO;Internet Allmicro;OUTROS;Pequeno Porte
18816273000174;Netiz;Netiz;OUTROS;Pequeno Porte
51527898000191;Set Brasil;Set Brasil;OUTROS;Pequeno Porte
53490485000105;Up Link Tecnologia;Up Link Tecnologia;OUTROS;Pequeno Porte
15152560000139;Teutonet Telecomunicações Ltda;Teutonet Telecomunicações;OUTROS;Pequeno Porte
28008255000110;LT.NET;Lt.Net;OUTROS;Pequeno Porte
09233246000188;SATT TECNOLOGIA;Satt Tecnologia;OUTROS;Pequeno Porte
18259163000159;New Wave Net;New Wave Net;OUTROS;Pequeno Porte
11871234000120;Sinal Br;Sinal Br;OUTROS;Pequeno Porte
41145470000120;Upnet Provedor de Internet;Upnet Provedor De Internet;OUTROS;Pequeno Porte
09366978000146;SORRINET;Sorrinet;OUTROS;Pequeno Porte
09165783000138;TECNOWIRELESS;Tecnowireless;OUTROS;Pequeno Porte
82307497000150;CONECT COMERCIO DE EQUIPAMENTOS DE TELECOMUNICACAO;Conect Comercio De Equipamentos De Telecomunicacao;OUTROS;Pequeno Porte
12874843000104;REDSTONE NETWORK;Redstone Network;OUTROS;Pequeno Porte
46870574000111;Vellon Servicos de Comunicacao Multimidia e Digitais Ltda;Vellon Servicos De Comunicacao Multimidia E Digitais;OUTROS;Pequeno Porte
18182577000127;Tecintel Telecom;Tecintel Telecom;OUTROS;Pequeno Porte
24996988000159;TELXE DO BRASIL TELECOMUNICACOES LTDA;Telxe Do Brasil Telecomunicacoes;OUTROS;Pequeno Porte
42743600000190;Hector Solutions;Hector Solutions;OUTROS;Pequeno Porte
09622623000170;.ALLNET;Allnet;OUTROS;Pequeno Porte
43272893000137;Mais Net Fibra;Mais Net Fibra;OUTROS;Pequeno Porte
08243419000186;K. R. VIOTO TERRAS & BENTO LTDA - ME;K. R. Vioto Terras & Bento;OUTROS;Pequeno Porte
11993337000163;Clicknet;Clicknet;OUTROS;Pequeno Porte
26669736000140;POLLY INFORMATICA;Polly Informatica;OUTROS;Pequeno Porte
41480952000137;Grupo Unifica;Grupo Unifica;OUTROS;Pequeno Porte
56031252000132;Synconnect;Synconnect;OUTROS;Pequeno Porte
32983087000150;Grupo Rk Telecom;Grupo Rk Telecom;OUTROS;Pequeno Porte
13365132000169;CENTRAL DE COMUNICAÇÃO E TECNOLOGIA;Central De Comunicação E Tecnologia;OUTROS;Pequeno Porte
11090539000103;Polux Net;Polux Net;OUTROS;Pequeno Porte
34317928000116;Connect Mais;Connect Mais;OUTROS;Pequeno Porte
20452378000133;I5 TELECOM LTDA;I5 Telecom;OUTROS;Pequeno Porte
26983250000182;DERIO DANTAS DE ALENCAR EIRELI;Derio Dantas De Alencar;OUTROS;Pequeno Porte
11620561000100;MEGATELECOM;Megatelecom;MEGATELECOM;Pequeno Porte
04822428000170;Wavemax Internet;Wavemax Internet;OUTROS;Pequeno Porte
42275770000197;Inno Tec;Inno Tec;OUTROS;Pequeno Porte
26657116000191;ARK TELECOM;Ark Telecom;OUTROS;Pequeno Porte
32279445000149;Fbn-telecom;Fbn-Telecom;OUTROS;Pequeno Porte
40614714000104;Fbn Telecom;Fbn Telecom;OUTROS;Pequeno Porte
18959717000120;MAIS NET;Mais Net;OUTROS;Pequeno Porte
08219232000147;MENDEX TELECOM;Mendex Telecom;OUTROS;Pequeno Porte
37880014000157;COSMO TELECOM;Cosmo Telecom;OUTROS;Pequeno Porte
41644220000135;GIGA MAIS FIBRA;Giga Mais Fibra;GIGA MAIS FIBRA;Pequeno Porte
64712399000116;Rajan Telecomunicacoes Ltda;Rajan Telecomunicacoes;OUTROS;Pequeno Porte
40120343000104;SKY;Sky;SKY;Pequeno Porte
24404615000141;Pronto Fibra;Pronto Fibra;OUTROS;Pequeno Porte
14831478000178;INET TELECOMUNICOES;Inet Telecomunicoes;OUTROS;Pequeno Porte
45557283000105;SP Net Vianopolis;Sp Net Vianopolis;OUTROS;Pequeno Porte
09425735000131;ULTRANET TELECOMUNICACOES LTDA;Ultranet Telecomunicacoes;OUTROS;Pequeno Porte
47404079000180;Ultra Brasil Telecom Ltda;Ultra Brasil Telecom;OUTROS;Pequeno Porte
40118276000193;Alc Telecom;Alc Telecom;OUTROS;Pequeno Porte
84716059000170;CENTRAL INFORMATICA;Central Informatica;OUTROS;Pequeno Porte
07924894000155;Net Wireless;Net Wireless;OUTROS;Pequeno Porte
03341093000106;AT&T GLOBAL NETWORK SERVICES BRASIL LTDA;At&T Global Network Services Brasil;OUTROS;Pequeno Porte
17792959000100;CONCOURSE TELECOMUNICACOES BRASIL LTDA.;Concourse Telecomunicacoes Brasil;OUTROS;Pequeno Porte
13028096000148;Frasanet;Frasanet;OUTROS;Pequeno Porte
08149812000105;IP AMERICA;Ip America;OUTROS;Pequeno Porte
60391461000164;Clarus Networks Brasil Ltda;Clarus Networks Brasil;OUTROS;Pequeno Porte
66323327000102;Autotrac Connection Ltda;Autotrac Connection;OUTROS;Pequeno Porte
01044651000146;KARIOKA NET;Karioka Net;OUTROS;Pequeno Porte
30812620000196;MDS.NET - INTERNET E INFORMATICA;Mds.Net - Internet E Informatica;OUTROS;Pequeno Porte
13003419000149;M C V Sousa;M C V Sousa;OUTROS;Pequeno Porte
46211007000153;Connect Norte Telecon;Connect Norte Telecon;OUTROS;Pequeno Porte
55006890000130;Globotech Telecom;Globotech Telecom;OUTROS;Pequeno Porte
39982898000186;Nova Net Provedor de Internet;Nova Net Provedor De Internet;OUTROS;Pequeno Porte
29484413000170;COGENT BRASIL TELECOMUNICACOES LTDA.;Cogent Brasil Telecomunicacoes;OUTROS;Pequeno Porte
06942392000194;VEM TEC;Vem Tec;OUTROS;Pequeno Porte
61017986000105;S&n Telecom;S&N Telecom;OUTROS;Pequeno Porte
32187164000166;ESA INFORMATICA;Esa Informatica;OUTROS;Pequeno Porte
34611001000194;Beam Telecom;Beam Telecom;OUTROS;Pequeno Porte
07714104000107;GIGA MAIS FIBRA;Giga Mais Fibra;GIGA MAIS FIBRA;Pequeno Porte
09391548000184;Turbo Net;Turbo Net;OUTROS;Pequeno Porte
31748174000160;VERO;Vero;VERO;Pequeno Porte
48549632000135;Invicto Telecom;Invicto Telecom;OUTROS;Pequeno Porte
06022308000114;Vibra Artefatos;Vibra Artefatos;OUTROS;Pequeno Porte
12838952000168;SOUSA TELECOM;Sousa Telecom;OUTROS;Pequeno Porte
11743904000123;VETT - VIA EXPRESS TECNOLOGIA E TELECOMUNICACOES LTDA;Vett - Via Express Tecnologia E Telecomunicacoes;OUTROS;Pequeno Porte
14929961000190;VIRTUA-NET TELECOM;Virtua-Net Telecom;OUTROS;Pequeno Porte
14314117000154;TELEFONICA GLOBAL SOLUTIONS BRASIL LTDA;Telefonica Global Solutions Brasil;OUTROS;Pequeno Porte
33179565000137;SENCINET;Sencinet;OUTROS;Pequeno Porte
07526333000106;STAMP PROVEDOR SERVICOS DE COMUNICACAO LTDA;Stamp Provedor Servicos De Comunicacao;OUTROS;Pequeno Porte
13984892000154;LOOP FIBRA;Loop Fibra;OUTROS;Pequeno Porte
06089278000163;TCHETURBO INTERNET PROVIDER;Tcheturbo Internet Provider;OUTROS;Pequeno Porte
37404992000122;EUDORA NET SERVICOS DE TELECOMUNICACOES;Eudora Net Servicos De Telecomunicacoes;OUTROS;Pequeno Porte
03076075000144;BT;Bt;BT;Pequeno Porte
29815661000157;CANDEIAS NET TELECOM;Candeias Net Telecom;OUTROS;Pequeno Porte
54213741000180;Pipoca Net;Pipoca Net;OUTROS;Pequeno Porte
07695739000104;LINX TELECOMUNICAÇÕES;Linx Telecomunicações;OUTROS;Pequeno Porte
08293614000110;Access Telecomunicacoes Ltda;Access Telecomunicacoes;OUTROS;Pequeno Porte
26110878000173;MULTICAST TELECOM;Multicast Telecom;OUTROS;Pequeno Porte
12057028000144;Netlife Provedor;Netlife Provedor;OUTROS;Pequeno Porte
08900654000183;Turboconect;Turboconect;OUTROS;Pequeno Porte
44214572000149;Biazi Redes;Biazi Redes;OUTROS;Pequeno Porte
14813219000114;Bembras Integracao e Engenharia Ltda;Bembras Integracao E Engenharia;OUTROS;Pequeno Porte
04136373000145;DOMINIO INFORMATICA;Dominio Informatica;OUTROS;Pequeno Porte
59080223000159;Airlinknet Telecom Ltda;Airlinknet Telecom;OUTROS;Pequeno Porte
19064991000102;ATUAL INTERNET;Atual Internet;OUTROS;Pequeno Porte
06288154000107;Ufinet Brasil;Ufinet Brasil;OUTROS;Pequeno Porte
31457653000128;Tectel Solucoes em Internet;Tectel Solucoes Em Internet;OUTROS;Pequeno Porte
71208516000174;ALGAR (CTBC TELECOM);Algar (Ctbc Telecom);ALGAR (CTBC TELECOM);Pequeno Porte
17064739000160;W. V. FERNANDES - ME;W. V. Fernandes;OUTROS;Pequeno Porte
63555099000108;Mais Net Telecom;Mais Net Telecom;OUTROS;Pequeno Porte
33684079000176;Info Nsj Provedor de Internet;Info Nsj Provedor De Internet;OUTROS;Pequeno Porte
57542146000186;Double Fibra;Double Fibra;OUTROS;Pequeno Porte
53242302000132;Hypernova;Hypernova;OUTROS;Pequeno Porte
31320644000190;Friends Telecom;Friends Telecom;OUTROS;Pequeno Porte
55711716000199;Pc Fibras;Pc Fibras;OUTROS;Pequeno Porte
33737154000110;Lp Internet;Lp Internet;OUTROS;Pequeno Porte
05499007000113;GBONLINE;Gbonline;OUTROS;Pequeno Porte
22665162000181;PROMARC TELECOMUNICACOES;Promarc Telecomunicacoes;OUTROS;Pequeno Porte
30106127000150;Isanet;Isanet;OUTROS;Pequeno Porte
13175007000196;GSM BAHIA;Gsm Bahia;OUTROS;Pequeno Porte
20167643000131;Informatica da Casa;Informatica Da Casa;OUTROS;Pequeno Porte
48868375000102;Full Telecom MT;Full Telecom Mt;OUTROS;Pequeno Porte
32908233000183;BIAZI AGRO TELECOM;Biazi Agro Telecom;OUTROS;Pequeno Porte
42356955000126;G2g Tecnologia;G2G Tecnologia;OUTROS;Pequeno Porte
13606754000131;Fox;Fox;OUTROS;Pequeno Porte
37219121000139;POWERNET;Powernet;OUTROS;Pequeno Porte
49898702000123;Conexao Triangulo;Conexao Triangulo;OUTROS;Pequeno Porte
29750450000183;Gigacom;Gigacom;OUTROS;Pequeno Porte
19814035000192;Leoesnet;Leoesnet;OUTROS;Pequeno Porte
42812181000109;Biazi Telecom;Biazi Telecom;OUTROS;Pequeno Porte
49396046000160;Ruralneth Telecom;Ruralneth Telecom;OUTROS;Pequeno Porte
42055784000103;Netultra Provedor de Internet;Netultra Provedor De Internet;OUTROS;Pequeno Porte
47218895000107;New Telecom Ltda;New Telecom;OUTROS;Pequeno Porte
29182930000195;Biazi Telecom Rural;Biazi Telecom Rural;OUTROS;Pequeno Porte
34809835000109;Ultra-net Provedor de Internet;Ultra-Net Provedor De Internet;OUTROS;Pequeno Porte
59821875000105;Server Link Telecom;Server Link Telecom;OUTROS;Pequeno Porte
57495549000111;Alvanet Telecom;Alvanet Telecom;OUTROS;Pequeno Porte
54995413000182;Velloznet Telecom;Velloznet Telecom;OUTROS;Pequeno Porte
08681739000118;CONNECT;Connect;OUTROS;Pequeno Porte
38229061000106;Conectar Brasil;Conectar Brasil;OUTROS;Pequeno Porte
13969568000167;PELIKAN NET LTDA - ME;Pelikan Net;OUTROS;Pequeno Porte
24332385000152;Flash Net;Flash Net;OUTROS;Pequeno Porte
34803568000162;Grupo Net Fibra;Grupo Net Fibra;OUTROS;Pequeno Porte
04997074000103;Startnet Provedor Internet e Tecnologia;Startnet Provedor Internet E Tecnologia;OUTROS;Pequeno Porte
11084823000169;OUROMAX TELECOM;Ouromax Telecom;OUTROS;Pequeno Porte
06077179000161;TELESERV TELEFONIA E SEGURANCA;Teleserv Telefonia E Seguranca;OUTROS;Pequeno Porte
44570201000108;Latwan Conectividade Ltda;Latwan Conectividade;OUTROS;Pequeno Porte
50181993000113;Rikanet Telecom;Rikanet Telecom;OUTROS;Pequeno Porte
53290960000108;Netultra Telecom Apiacas;Netultra Telecom Apiacas;OUTROS;Pequeno Porte
20678478000182;IMPACTO NETWORK;Impacto Network;OUTROS;Pequeno Porte
41927719000150;Netultra Provedor de Internet;Netultra Provedor De Internet;OUTROS;Pequeno Porte
35438727000130;Netultra;Netultra;OUTROS;Pequeno Porte
23653160000135;Max Telecom;Max Telecom;OUTROS;Pequeno Porte
27120601000194;Jb-consult;Jb-Consult;OUTROS;Pequeno Porte
09130701000110;Net-ultra Provedor de Internet;Net-Ultra Provedor De Internet;OUTROS;Pequeno Porte
37636026000130;ARAGUAIANET;Araguaianet;OUTROS;Pequeno Porte
05279038000169;Multitecnet;Multitecnet;OUTROS;Pequeno Porte
12222716000112;Agili Net;Agili Net;OUTROS;Pequeno Porte
55653837000121;Connect Telecom;Connect Telecom;OUTROS;Pequeno Porte
53107768000125;Venn;Venn;OUTROS;Pequeno Porte
18456569000121;WORLDNET FIBRA OPTICA;Worldnet Fibra Optica;OUTROS;Pequeno Porte
07819690000154;Inter.net;Inter.Net;OUTROS;Pequeno Porte
05307793000100;SES TELECOMUNICACOES DO BRASIL LTDA.;Ses Telecomunicacoes Do Brasil;OUTROS;Pequeno Porte
07865012000128;LOOK INFORMATICA;Look Informatica;OUTROS;Pequeno Porte
05206385000161;HUGHES;Hughes;HUGHES;Pequeno Porte
19389536000179;CLICK NET PROVEDOR DE INTERNET;Click Net Provedor De Internet;OUTROS;Pequeno Porte
40154884000153;STARLINK BRAZIL SERVICOS DE INTERNET LTDA.;Starlink;OUTROS;Pequeno Porte
26727627000132;Infor Net;Infor Net;OUTROS;Pequeno Porte
07298407000196;VSP INTERNET;Vsp Internet;OUTROS;Pequeno Porte
04557049000109;ATIVA TELECOM;Ativa Telecom;OUTROS;Pequeno Porte
09427868000147;SOFT TELECOM;Soft Telecom;OUTROS;Pequeno Porte
08773742000161;Connect Prime Telecomunicacoes Ltda;Connect Prime Telecomunicacoes;OUTROS;Pequeno Porte
60210363000183;Quality Internet Tecnologia;Quality Internet Tecnologia;OUTROS;Pequeno Porte
23239786000108;Lexxion;Lexxion;OUTROS;Pequeno Porte
48557134000134;Ativa Connect Ltda;Ativa Connect;OUTROS;Pequeno Porte
17875842000190;GUARIBANET;Guaribanet;OUTROS;Pequeno Porte
33483541000177;FIBRACONN SERVICOS DE TELECOMUNICACOES LTDA;Fibraconn Servicos De Telecomunicacoes;OUTROS;Pequeno Porte
48103296000100;Luma Connect Telecom;Luma Connect Telecom;OUTROS;Pequeno Porte
28115733000190;SPEEDNET;Speednet;OUTROS;Pequeno Porte
37792628000187;Technet Caxias;Technet Caxias;OUTROS;Pequeno Porte
26855156000148;ARAGUAIANET;Araguaianet;OUTROS;Pequeno Porte
18488090000177;FERNANDO XAVIER DE LIMA & CIA LTDA - ME;Fernando Xavier De Lima & Cia;OUTROS;Pequeno Porte
55639951000105;Connect Telecom;Connect Telecom;OUTROS;Pequeno Porte
63937374000158;Netfuji Fibra;Netfuji Fibra;OUTROS;Pequeno Porte
55198158000100;Central Net;Central Net;OUTROS;Pequeno Porte
27574396000137;Obbu Telecom;Obbu Telecom;OUTROS;Pequeno Porte
26824572000189;Nbs Telecom;Nbs Telecom;OUTROS;Pequeno Porte
48254506000153;Rede Neutra Servicos de Internet Ltda;Rede Neutra Servicos De Internet;OUTROS;Pequeno Porte
26701126000187;UP LINK INTERNET BANDA LARGA;Up Link Internet Banda Larga;OUTROS;Pequeno Porte
44542310000103;Centranet;Centranet;OUTROS;Pequeno Porte
26453505000103;SKY;Sky;SKY;Pequeno Porte
53086132000144;Brasiltech Solucoes Integradas;Brasiltech Solucoes Integradas;OUTROS;Pequeno Porte
35725155000170;LINK BRASIL TELECOMUNICACOES LTDA;Link Brasil Telecomunicacoes;OUTROS;Pequeno Porte
32392544000132;Supertec Telecom;Supertec Telecom;OUTROS;Pequeno Porte
54813962000199;Fly Internet Sorriso;Fly Internet Sorriso;OUTROS;Pequeno Porte
09430761000158;V. P. Net Informatica;V. P. Net Informatica;OUTROS;Pequeno Porte
37168895000188;ORBITEL;Orbitel;OUTROS;Pequeno Porte
52604299000197;Ej&cia;Ej&Cia;OUTROS;Pequeno Porte
09520219000196;WIRELESS COMM SERVICES LTDA;Wireless Comm Services;OUTROS;Pequeno Porte
55644133000192;Connect Telecom;Connect Telecom;OUTROS;Pequeno Porte
59644910000150;Full Telecom Sinop;Full Telecom Sinop;OUTROS;Pequeno Porte
55581652000159;Mowry Telecomunicacoes;Mowry Telecomunicacoes;OUTROS;Pequeno Porte
32438990000130;VEXTEL SERVICOS DE TELECOMUNICACOES;Vextel Servicos De Telecomunicacoes;OUTROS;Pequeno Porte
61191894000139;Id Link Fibra Otica e Via Radio;Id Link Fibra Otica E Via Radio;OUTROS;Pequeno Porte
18615589000106;Speednet Provedor de Internet;Speednet Provedor De Internet;OUTROS;Pequeno Porte
57535772000145;Jaru Telecom;Jaru Telecom;OUTROS;Pequeno Porte
52555796000142;Brasiltech Solucoes Integradas;Brasiltech Solucoes Integradas;OUTROS;Pequeno Porte
09457528000169;VIP - VILHENA INTERNET PROVEDOR;Vip - Vilhena Internet Provedor;OUTROS;Pequeno Porte
28316650000160;DELTA INTERNET;Delta Internet;OUTROS;Pequeno Porte
13906541000125;Cronos Telecom;Cronos Telecom;OUTROS;Pequeno Porte
10321821000183;YUNE NET INFORMATICA LTDA;Yune Net Informatica;OUTROS;Pequeno Porte
01492641000173;Century Telecom;Century Telecom;OUTROS;Pequeno Porte
16846869000191;Solucao Telecom;Solucao Telecom;OUTROS;Pequeno Porte
34365925000158;AB NET TELECOM;Ab Net Telecom;OUTROS;Pequeno Porte
44714253000100;Fm-net;Fm-Net;OUTROS;Pequeno Porte
46156952000108;Ilim Net;Ilim Net;OUTROS;Pequeno Porte
17507545000191;Plugnet;Plugnet;OUTROS;Pequeno Porte
32673541000177;Seven Net Telecom;Seven Net Telecom;OUTROS;Pequeno Porte
40291217000112;M.o. Servicos de Telecomunicacoes Ltda;M.O. Servicos De Telecomunicacoes;OUTROS;Pequeno Porte
27886221000165;PILOTO NET TELECOM;Piloto Net Telecom;OUTROS;Pequeno Porte
08741236000190;GLOBOFIBER;Globofiber;OUTROS;Pequeno Porte
48883477000199;Blr Service;Blr Service;OUTROS;Pequeno Porte
12330795000185;CONECTA NETWORKS;Conecta Networks;OUTROS;Pequeno Porte
02905202000108;ELETRO FENIX;Eletro Fenix;OUTROS;Pequeno Porte
25532865000120;LINK NET;Link Net;OUTROS;Pequeno Porte
21476236000179;NAVE NET;Nave Net;OUTROS;Pequeno Porte
10388952000188;INFOBARRA;Infobarra;OUTROS;Pequeno Porte
84591775000179;NORTE-TEL;Norte-Tel;OUTROS;Pequeno Porte
09537386000140;Toledo Fibra;Toledo Fibra;OUTROS;Pequeno Porte
09446842000146;HIT TELECOMUNICACOES LTDA.;Hit Telecomunicacoes;OUTROS;Pequeno Porte
05011908000114;Ronnet Provider;Ronnet Provider;OUTROS;Pequeno Porte
13739410000109;Neonet;Neonet;OUTROS;Pequeno Porte
22039448000151;I R Fibranet;I R Fibranet;OUTROS;Pequeno Porte
12973083000184;OLLA SERVICOS & INTERNET;Olla Servicos & Internet;OUTROS;Pequeno Porte
48131899000108;ST1 INTERNET;St1 Internet;OUTROS;Pequeno Porte
19882023000103;Rios Net Telecom;Rios Net Telecom;OUTROS;Pequeno Porte
40853466000154;Quick Telecomunicacoes Ltda;Quick Telecomunicacoes;OUTROS;Pequeno Porte
22949174000138;CELERIUM TELECOMUNICAÇÕES;Celerium Telecomunicações;OUTROS;Pequeno Porte
41553730000105;Imaster Telecom;Imaster Telecom;OUTROS;Pequeno Porte
06956740000182;ATIVA TECH;Ativa Tech;OUTROS;Pequeno Porte
56070461000195;Teklink;Teklink;OUTROS;Pequeno Porte
30042479000190;Hard Tech Informatica;Hard Tech Informatica;OUTROS;Pequeno Porte
13937361000100;JLP INFORMATICA;Jlp Informatica;OUTROS;Pequeno Porte
30234839000155;Web Norte;Web Norte;OUTROS;Pequeno Porte
53420564000140;OI;Oi;OI;Grande Porte
14629705000187;Brasil Digital Telecom;Brasil Digital Telecom;OUTROS;Pequeno Porte
10298606000109;Net Facil Telecom;Net Facil Telecom;OUTROS;Pequeno Porte
32053073000138;C H C Silva Telecomunicacoes;C H C Silva Telecomunicacoes;OUTROS;Pequeno Porte
18905245000123;JOSE NILTON DE FREITAS E CIA LTDA - ME;Jose Nilton De Freitas E Cia;OUTROS;Pequeno Porte
20302836000158;VIPNET CONEXAO;Vipnet Conexao;OUTROS;Pequeno Porte
21133272000130;Mynet's Telecomunicacoes;Mynet'S Telecomunicacoes;OUTROS;Pequeno Porte
08825886000114;TECH.NET INFORMATICA E INTERNET;Tech.Net Informatica E Internet;OUTROS;Pequeno Porte
41885915000109;Alfa Telecom;Alfa Telecom;OUTROS;Pequeno Porte
20402177000121;BOA TELECOM;Boa Telecom;OUTROS;Pequeno Porte
07017934000185;Valesat Telecom;Valesat Telecom;OUTROS;Pequeno Porte
11072400000129;CPW INTERNET;Cpw Internet;OUTROS;Pequeno Porte
13250043000177;CUIABA FIBRA;Cuiaba Fibra;OUTROS;Pequeno Porte
12658627000113;SKYNET TELECOM;Skynet Telecom;OUTROS;Pequeno Porte
12251442000190;Opcao Informatica;Opcao Informatica;OUTROS;Pequeno Porte
28163215000142;Connecta Telecom;Connecta Telecom;OUTROS;Pequeno Porte
25408231000160;VIP NET;Vip Net;OUTROS;Pequeno Porte
27461432000156;Brasiltech Solucoes Integradas;Brasiltech Solucoes Integradas;OUTROS;Pequeno Porte
59749637000128;Util Nm Provedor de Internet;Util Nm Provedor De Internet;OUTROS;Pequeno Porte
30607988000112;W. P. Informatica;W. P. Informatica;OUTROS;Pequeno Porte
12878243000106;WILLIAM BIKE S;William Bike S;OUTROS;Pequeno Porte
19064828000131;WORDCONECT;Wordconect;OUTROS;Pequeno Porte
06119785000100;BRIW TELECOM;Briw Telecom;OUTROS;Pequeno Porte
43391376000187;Grupo Info;Grupo Info;OUTROS;Pequeno Porte
27461432000318;Brasiltech Ltda;Brasiltech;OUTROS;Pequeno Porte
27461432000237;Brasiltech Solucoes Integradas;Brasiltech Solucoes Integradas;OUTROS;Pequeno Porte
37168821000141;TURBONET QUERENCIA;Turbonet Querencia;OUTROS;Pequeno Porte
11464990000135;Brasil Net;Brasil Net;OUTROS;Pequeno Porte
24515829000195;Infortek;Infortek;OUTROS;Pequeno Porte
45451049000107;Primanet Internet Desde Sempre;Primanet Internet Desde Sempre;OUTROS;Pequeno Porte
42812202000188;Biazi Telecom;Biazi Telecom;OUTROS;Pequeno Porte
04059082000109;Bottega Telecomunicacoes;Bottega Telecomunicacoes;OUTROS;Pequeno Porte
18669690000131;NOVANET MULTIMIDIA LTDA -ME;Novanet Multimidia;OUTROS;Pequeno Porte
14607227000104;Asces-net;Asces-Net;OUTROS;Pequeno Porte
20891846000176;Dal Mora Telecomunicacoes;Dal Mora Telecomunicacoes;OUTROS;Pequeno Porte
30613526000108;Uzzi Telecom;Uzzi Telecom;OUTROS;Pequeno Porte
26569744000115;BULLETI-NET;Bulleti-Net;OUTROS;Pequeno Porte
02842404000158;PRIMANET PROVEDOR DE INTERNET;Primanet Provedor De Internet;OUTROS;Pequeno Porte
48716869000163;Perto Network;Perto Network;OUTROS;Pequeno Porte
02884089000121;Gb Online;Gb Online;OUTROS;Pequeno Porte
22845900000172;AGILE TELECOM;Agile Telecom;OUTROS;Pequeno Porte
02314207000166;Flix Fibra;Flix Fibra;OUTROS;Pequeno Porte
37120613000172;Mheks Provedor de Internet;Mheks Provedor De Internet;OUTROS;Pequeno Porte
30606499000146;ROCHA E CAMINHA LTDA.;Rocha E Caminha;OUTROS;Pequeno Porte
26918239000139;NORTE TEL;Norte Tel;OUTROS;Pequeno Porte
05825100000170;MULTIWARE TECNOLOGIA;Multiware Tecnologia;OUTROS;Pequeno Porte
10307456000152;RV - NET;Rv - Net;OUTROS;Pequeno Porte
19045139000180;RJ CONNECT;Rj Connect;OUTROS;Pequeno Porte
13829793000106;Util Provedor de Internet;Util Provedor De Internet;OUTROS;Pequeno Porte
11028260000191;LUCAS INTERNET;Lucas Internet;OUTROS;Pequeno Porte
01909379000110;TELETURBO SERVIÇOS DE TELECOMUNICAÇÕES LTDA - ME;Teleturbo Serviços De Telecomunicações;OUTROS;Pequeno Porte
05340638000195;SENTINELA INFORMATICA;Sentinela Informatica;OUTROS;Pequeno Porte
26719889000155;Link Telecom;Link Telecom;OUTROS;Pequeno Porte
25452912000125;SEEG FIBRAS;Seeg Fibras;OUTROS;Pequeno Porte
11881504000427;Startnet Provedor;Startnet Provedor;OUTROS;Pequeno Porte
35823676000160;BR364 SERVICOS DE TELECOMUNICACOES LTDA;Br364 Servicos De Telecomunicacoes;OUTROS;Pequeno Porte
63924812000143;Util Lrv Provedor de Internet;Util Lrv Provedor De Internet;OUTROS;Pequeno Porte
08528777000135;DOMINIO COMUNICACAO E MULTIMIDIA;Dominio Comunicacao E Multimidia;OUTROS;Pequeno Porte
47898091000198;Link Norte;Link Norte;OUTROS;Pequeno Porte
35514602000141;Webnet Telecom;Webnet Telecom;OUTROS;Pequeno Porte
36020779000154;Gtr Net;Gtr Net;OUTROS;Pequeno Porte
10762131000160;Infonet;Infonet;OUTROS;Pequeno Porte
23653273000130;Exclusive Tecnologia;Exclusive Tecnologia;OUTROS;Pequeno Porte
37435689000197;RG TELECOM;Rg Telecom;OUTROS;Pequeno Porte
02558157000162;VIVO;Vivo;TELEFONICA;Grande Porte
09454439000169;B C INFONET;B C Infonet;OUTROS;Pequeno Porte
12997143000107;TROPICO TELECOM SOLUCOES EM VOZ DADOS E VIDEOS;Tropico Telecom Solucoes Em Voz Dados E Videos;OUTROS;Pequeno Porte
24943374000109;BR NET;Br Net;OUTROS;Pequeno Porte
53133555000178;2g Net;2G Net;OUTROS;Pequeno Porte
24153766000174;Global-info;Global-Info;OUTROS;Pequeno Porte
18702422000174;Infinity Telecom;Infinity Telecom;OUTROS;Pequeno Porte
05588747000126;Rio Net Provedor;Rio Net Provedor;OUTROS;Pequeno Porte
50536372000105;Inexa Internet Ltda;Inexa Internet;OUTROS;Pequeno Porte
01836999000176;INEXA;Inexa;OUTROS;Pequeno Porte
05761455000143;EVOLUTIONNET;Evolutionnet;OUTROS;Pequeno Porte
11881504000346;Startnet Provedor;Startnet Provedor;OUTROS;Pequeno Porte
11881504000265;Startnet Provedor;Startnet Provedor;OUTROS;Pequeno Porte
32215215000116;Navegaweb;Navegaweb;OUTROS;Pequeno Porte
26133539000102;FUTUR@ NET;Futur@ Net;OUTROS;Pequeno Porte
11881504000184;STARTNET PROVEDOR;Startnet Provedor;OUTROS;Pequeno Porte
27801175000154;MAIS VELOX PROVEDOR DE INTERNET;Mais Velox Provedor De Internet;OUTROS;Pequeno Porte
37517586000176;Infiniti Telecom;Infiniti Telecom;OUTROS;Pequeno Porte
22683369000189;Impacto Net;Impacto Net;OUTROS;Pequeno Porte
02421421000111;TIM;TIM;TELECOM ITALIA;Grande Porte
23464954000150;INTERLINK BANDA LARGA;Interlink Banda Larga;OUTROS;Pequeno Porte
15252973000195;VALE MAGASIN;Vale Magasin;OUTROS;Pequeno Porte
17787718000172;Simples Internet;Simples Internet;OUTROS;Pequeno Porte
06144545000158;NETSYS INFORMATICA;Netsys Informatica;OUTROS;Pequeno Porte
10628596000122;Biazi Telecom;Biazi Telecom;OUTROS;Pequeno Porte
51284862000124;Tarvos Fibra;Tarvos Fibra;OUTROS;Pequeno Porte
08166128000131;Net Vip Provedor de Internet;Net Vip Provedor De Internet;OUTROS;Pequeno Porte
12464859000130;SGV TELECOM;Sgv Telecom;OUTROS;Pequeno Porte
46209572000186;Volt Telecom;Volt Telecom;OUTROS;Pequeno Porte
49271108000108;UNI TELECOM LTDA;Uni Telecom;OUTROS;Pequeno Porte
21198415000191;WEB RIVER TELECOMUNICACOES;Web River Telecomunicacoes;OUTROS;Pequeno Porte
29765130000105;Ark Telecom;Ark Telecom;OUTROS;Pequeno Porte
10496781000100;EQUINIX DO BRASIL TELECOMUNICAÇÕES LTDA.;Equinix Do Brasil Telecomunicações;OUTROS;Pequeno Porte
97521015000137;Dito Net Internet Via Radio;Dito Net Internet Via Radio;OUTROS;Pequeno Porte
10607290000190;VIRTUAL INFORMATICA;Virtual Informatica;OUTROS;Pequeno Porte
62320234000173;Living Connect;Living Connect;OUTROS;Pequeno Porte
04501314000129;Deutsche Telekom Global Business Solutions Brasil Ltda;Deutsche Telekom Global Business Solutions Brasil;OUTROS;Pequeno Porte
10791708000161;INTERNET 5.8;Internet 5.8;OUTROS;Pequeno Porte
18396123000159;NETTCON - PROVEDOR DE INTERNET LTDA - ME;Nettcon - Provedor De Internet;OUTROS;Pequeno Porte
21663951000110;A L M INFORMATICA;A L M Informatica;OUTROS;Pequeno Porte
45205152000169;Tecnologica Nvc;Tecnologica Nvc;OUTROS;Pequeno Porte
34211050000130;S & M NACIONAL TELECOM LTDA;S & M Nacional Telecom;OUTROS;Pequeno Porte
09431810000177;Infotec;Infotec;OUTROS;Pequeno Porte
27861697000141;ZVC TURBO NET;Zvc Turbo Net;OUTROS;Pequeno Porte
25449540000188;Web River Telecomunicacoes;Web River Telecomunicacoes;OUTROS;Pequeno Porte
10341150000112;AZAT INTERNET;Azat Internet;OUTROS;Pequeno Porte
30147850000188;Inova Telecom;Inova Telecom;OUTROS;Pequeno Porte
23466230000146;MATRIX INFORMATICA;Matrix Informatica;OUTROS;Pequeno Porte
08175502000165;TOP FIBRA;Top Fibra;OUTROS;Pequeno Porte
32616949000107;Multiweb Telecomunicacoes;Multiweb Telecomunicacoes;OUTROS;Pequeno Porte
43927627000103;Globo Net Telecomunicacoes;Globo Net Telecomunicacoes;OUTROS;Pequeno Porte
55417456000143;Central Sat;Central Sat;OUTROS;Pequeno Porte
11155708000138;BRAZIL.NET;Brazil.Net;OUTROS;Pequeno Porte
28979263000103;BASI TELECOM;Basi Telecom;OUTROS;Pequeno Porte
10994109000145;Nova Internet;Nova Internet;OUTROS;Pequeno Porte
24348810000100;CINE NET TELECOM;Cine Net Telecom;OUTROS;Pequeno Porte
37413932000176;UTIL TECNOLOGIA VG;Util Tecnologia Vg;OUTROS;Pequeno Porte
09443956000132;AMTECK INFORMATICA;Amteck Informatica;OUTROS;Pequeno Porte
06229098000130;Verizon Telecomunicacoes do Brasil Ltda;Verizon Telecomunicacoes Do Brasil;OUTROS;Pequeno Porte
74209909000190;Microset;Microset;OUTROS;Pequeno Porte
14541317000140;Extrema Network;Extrema Network;OUTROS;Pequeno Porte
21735605000109;GLOBAL TELECOM;Global Telecom;OUTROS;Pequeno Porte
08021785000190;J S INFORMATICA & NEONET;J S Informatica & Neonet;OUTROS;Pequeno Porte
07304055000134;Speed Travel;Speed Travel;OUTROS;Pequeno Porte
31749182000121;Proinfo Internet;Proinfo Internet;OUTROS;Pequeno Porte
29292707000109;G.v.r. Telecom;G.V.R. Telecom;OUTROS;Pequeno Porte
09337446000180;Rolim Net;Rolim Net;OUTROS;Pequeno Porte
20005969000162;Interfibras;Interfibras;OUTROS;Pequeno Porte
11041570000146;Top Net;Top Net;OUTROS;Pequeno Porte
10533367000124;ESPECIALISTA TELECOM E SERVIÇOS EM TECNOLOGIA;Especialista Telecom E Serviços Em Tecnologia;OUTROS;Pequeno Porte
18362941000130;WEB LACERDA;Web Lacerda;OUTROS;Pequeno Porte
35487049000103;RNET SERVICOS TELECOM;Rnet Servicos Telecom;OUTROS;Pequeno Porte
53291002000143;Netultra Telecom;Netultra Telecom;OUTROS;Pequeno Porte
28081319000108;Invinet;Invinet;OUTROS;Pequeno Porte
14701099000163;EVOLVE INTERNET LTDA.;Evolve Internet;OUTROS;Pequeno Porte
66624776000190;ORANGE BUSINESS SERVICES;Orange Business Services;OUTROS;Pequeno Porte
24313937000185;UTIL MUTUM PROVEDOR DE INTERNET;Util Mutum Provedor De Internet;OUTROS;Pequeno Porte
03623052000102;Pedro Software Informatica;Pedro Software Informatica;OUTROS;Pequeno Porte
37036247000178;OFICIAL 7;Oficial 7;OUTROS;Pequeno Porte
07558594000108;Delta-connex Telecom;Delta-Connex Telecom;OUTROS;Pequeno Porte
42557772000179;Mundo Net;Mundo Net;OUTROS;Pequeno Porte
09122830000166;TWSPEED TELECOM CENTRO NORTE;Twspeed Telecom Centro Norte;OUTROS;Pequeno Porte
05104611000101;WIANET;Wianet;OUTROS;Pequeno Porte
13791927000139;G10 Telecom;G10 Telecom;OUTROS;Pequeno Porte
40503258000125;Dunet Telecom;Dunet Telecom;OUTROS;Pequeno Porte
09580731000128;PONTO TELECOM;Ponto Telecom;OUTROS;Pequeno Porte
36306692000148;VEXXO TELECOM;Vexxo Telecom;OUTROS;Pequeno Porte
22789883000101;MEGANET TELECON LTDA;Meganet Telecon;OUTROS;Pequeno Porte
12134704000136;ESPIGAO NET;Espigao Net;OUTROS;Pequeno Porte
37509364000101;Fera9 Internet e Redes;Fera9 Internet E Redes;OUTROS;Pequeno Porte
25256052000154;AGATHA.NET INFORMATICA;Agatha.Net Informatica;OUTROS;Pequeno Porte
20386916000139;TURBO TELECOM;Turbo Telecom;OUTROS;Pequeno Porte
29200024000176;Conect Ja - Conectando Sonhos;Conect Ja - Conectando Sonhos;OUTROS;Pequeno Porte
26324221000109;Net Link Provedor;Net Link Provedor;OUTROS;Pequeno Porte
05872814000130;ALGAR (CTBC TELECOM);Algar (Ctbc Telecom);ALGAR (CTBC TELECOM);Pequeno Porte
05379776000188;INTERVIA SOLUCOES;Intervia Solucoes;OUTROS;Pequeno Porte
66970229000167;CLARO;Claro;TELECOM AMERICAS;Grande Porte
06133628000141;HI-TEACH INFORMATICA;Hi-Teach Informatica;OUTROS;Pequeno Porte
29539461000119;Access Sinop;Access Sinop;OUTROS;Pequeno Porte
39481006000163;Atual Telecom;Atual Telecom;OUTROS;Pequeno Porte
47757977000111;Qest;Qest;OUTROS;Pequeno Porte
09144880000144;Lci Telecom;Lci Telecom;OUTROS;Pequeno Porte
22069307000181;IMPERIO TELECOMUNICAÇÕES LTDA - EPP;Imperio Telecomunicações;OUTROS;Pequeno Porte
22729872000128;NORTE.NET TELECOM;Norte.Net Telecom;OUTROS;Pequeno Porte
20609743000170;TELCABLES BRASIL;Telcables Brasil;OUTROS;Pequeno Porte
09050368000139;W F INFORMATICA;W F Informatica;OUTROS;Pequeno Porte
27587485000118;DUNET TECNOLOGIA E INFORMATICA;Dunet Tecnologia E Informatica;OUTROS;Pequeno Porte
17179982000123;COMANDOS INFORMÁTICA;Comandos Informática;OUTROS;Pequeno Porte
07756651000155;BRASIL TECPAR;Brasil TecPar;BRASIL TECPAR;Pequeno Porte
05781156000170;Mutum Fibra;Mutum Fibra;OUTROS;Pequeno Porte
10246104000134;LINK NET TELECON;Link Net Telecon;OUTROS;Pequeno Porte
49624929000180;Agro Fiber Internet;Agro Fiber Internet;OUTROS;Pequeno Porte
22982539000126;Twl Telecom;Twl Telecom;OUTROS;Pequeno Porte
19560243000102;WWC TELECOM;Wwc Telecom;OUTROS;Pequeno Porte
54263569000179;Une Telecom;Une Telecom;OUTROS;Pequeno Porte
37456198000122;FIBER NET MT;Fiber Net Mt;OUTROS;Pequeno Porte
07427979000128;PORTAL - NET PROVEDORES DE INTERNETE VIA RADIO;Portal - Net Provedores De Internete Via Radio;OUTROS;Pequeno Porte
10947276000135;HELP INTERNET;Help Internet;OUTROS;Pequeno Porte
59405562000168;Af.f. Telecom;Af.F. Telecom;OUTROS;Pequeno Porte
05072224000122;VSP 4 MARCOS;Vsp 4 Marcos;OUTROS;Pequeno Porte
50455599000126;Ibex Internet;Ibex Internet;OUTROS;Pequeno Porte
30799717000106;NMULTIFIBRA TELECOMUNICACAO LTDA;Nmultifibra Telecomunicacao;OUTROS;Pequeno Porte
10958040000102;N-multifibra;N-Multifibra;OUTROS;Pequeno Porte
00336701000104;TELEBRAS;Telebras;TELEBRAS;Pequeno Porte
20424680000188;SOU + INTERNET;Sou + Internet;OUTROS;Pequeno Porte
76535764000143;OI;Oi;OI;Grande Porte
40432544000147;CLARO;Claro;TELECOM AMERICAS;Grande Porte
22359957000161;INNOVA INFORMATICA;Innova Informatica;OUTROS;Pequeno Porte
20299264000103;G15 Telecom;G15 Telecom;OUTROS;Pequeno Porte
42898168000106;Uel Fibra;Uel Fibra;OUTROS;Pequeno Porte
13337692000100;MEGANET INTERNET;Meganet Internet;OUTROS;Pequeno Porte
36446242000150;Inexa;Inexa;OUTROS;Pequeno Porte
05294401000115;INEXA TECNOLOGIA;Inexa Tecnologia;OUTROS;Pequeno Porte
46108892000140;Bs Provedor de Internet;Bs Provedor De Internet;OUTROS;Pequeno Porte
15212478000152;Click Net;Click Net;OUTROS;Pequeno Porte
06124576000147;WEBNET;Webnet;OUTROS;Pequeno Porte
11548357000125;MAYS TELECOM;Mays Telecom;OUTROS;Pequeno Porte
20679386000117;CIDADEI SERVICOS DE COMUNICACAO MULTIMIDIA;Cidadei Servicos De Comunicacao Multimidia;OUTROS;Pequeno Porte
17312858000194;PJM TELECOM;Pjm Telecom;OUTROS;Pequeno Porte
09256492000155;RODONET-TELECOM;Rodonet-Telecom;OUTROS;Pequeno Porte
10783612000151;UNIT INFOMATICA;Unit Infomatica;OUTROS;Pequeno Porte
09443451000178;DUX TELECOM LTDA.;Dux Telecom;OUTROS;Pequeno Porte
44705769000180;Entech Telecom;Entech Telecom;OUTROS;Pequeno Porte
50726798000121;Link Norte;Link Norte;OUTROS;Pequeno Porte
21490341000162;PORTO TELECOM;Porto Telecom;OUTROS;Pequeno Porte
03971924000123;Speed Conecte Servicos de Internet Rural;Speed Conecte Servicos De Internet Rural;OUTROS;Pequeno Porte
10563381000170;Net Way Informatica;Net Way Informatica;OUTROS;Pequeno Porte
18578613000176;Connect Vilhena;Connect Vilhena;OUTROS;Pequeno Porte
48348847000198;Biazi Servicos;Biazi Servicos;OUTROS;Pequeno Porte
07890696000118;Biazi Internet;Biazi Internet;OUTROS;Pequeno Porte
10810530000159;NEWSAT;Newsat;OUTROS;Pequeno Porte
11954125000177;Virtual Connect - Internet Banda Larga;Virtual Connect - Internet Banda Larga;OUTROS;Pequeno Porte
30997810000125;Vlf Telecom;Vlf Telecom;OUTROS;Pequeno Porte
09348885000199;Microlab Informatica e Seguranca Eletronica;Microlab Informatica E Seguranca Eletronica;OUTROS;Pequeno Porte
